record_type,experiment,evidence_role,case,case_id,origin,design,wave_seed,build_id,build_label,platform,compiler,linear_algebra,precision,thread_setting,openfast_version,rtest_version,openfast_commit,rtest_commit,workflow_run_id,run_duration_s,source_reference,source_candidate,reference_build,candidate_build,official_passed_channels,official_total_channels,max_relative_l2_error,system_utilization,channel,response_group,unit,reference_min,reference_max,candidate_min,candidate_max,max_abs_error,relative_max_error,relative_l2_error,relative_peak_error,official_relative_tolerance,official_absolute_tolerance,passes_official_tolerance,reference_abs_peak,candidate_abs_peak,rmse,normalized_rmse_by_reference_std,pearson_correlation,repeat_runs,repeat_decoded_equal,repeat_max_abs_error,safety_indicator,reference_indicator_value,candidate_indicator_value,relative_indicator_error,capacity,reference_exceeds_capacity,candidate_exceeds_capacity,reference_system_ratio,candidate_system_ratio,reference_feasible,candidate_feasible,reference_return_code,candidate_return_code,run_success,reference_tower_base_moment_knm,candidate_tower_base_moment_knm,relative_error_tower_base_moment,reference_top_displacement_m,candidate_top_displacement_m,relative_error_top_displacement,reference_hydrodynamic_force_kn,candidate_hydrodynamic_force_kn,relative_error_hydrodynamic_force,reference_tracked_member_force_kn,candidate_tracked_member_force_kn,relative_error_tracked_member_force,reference_platform_pitch_deg,candidate_platform_pitch_deg,relative_error_platform_pitch,verdict_flip,notes
summary,five-experiment evidence chain,headline_result,5MW_OC4Jckt_DLL_WTurb_WavesIrr_MGrowth,,,,,gnu_linux_atlas,GNU/Linux official CI (gfortran-14 + ATLAS),Ubuntu 24.04.5 LTS (GitHub Actions),GNU Fortran 14.2.0,ATLAS,double,OMP_NUM_THREADS=1,5.0.0,5.0.0,2895884d2be01862173c88d70f86b358d2f1a50a,dd5feaaaa500ba7283140107806300d551cff0a7,36661489286,10.0,raw/reference.outb,raw/linux_gnu_1.outb,official_rtest_reference,GNU/Linux official CI (gfortran-14 + ATLAS),76,76,0.006093651194776784,0.930041327125063,,,,,,,,,,,,,,,,,,,,,,,,,,,,,,,,,,,,,,,,,,,,,,,,,,,,False,Final official-CI-aligned Linux configuration; all 76 physical channels pass and utilization matches the reference at reported precision.
channel,official regression,physical_channel_check,5MW_OC4Jckt_DLL_WTurb_WavesIrr_MGrowth,,,,,gnu_linux_atlas,GNU/Linux official CI (gfortran-14 + ATLAS),Ubuntu 24.04.5 LTS (GitHub Actions),GNU Fortran 14.2.0,ATLAS,double,OMP_NUM_THREADS=1,5.0.0,5.0.0,2895884d2be01862173c88d70f86b358d2f1a50a,dd5feaaaa500ba7283140107806300d551cff0a7,36661489286,10.0,raw/reference.outb,raw/linux_gnu_1.outb,official_rtest_reference,GNU/Linux official CI (gfortran-14 + ATLAS),,,,,Wind1VelX,inflow,m/s,10.416827742109803,13.41406574027161,10.416827742109803,13.41406574027161,0.0,0.0,0.0,0.0,0.01,0.012589254117941675,True,13.41406574027161,13.41406574027161,0.0,0.0,0.9999999999999999,,,,,,,,,,,,,,,,,,,,,,,,,,,,,,,,,,
channel,official regression,physical_channel_check,5MW_OC4Jckt_DLL_WTurb_WavesIrr_MGrowth,,,,,gnu_linux_atlas,GNU/Linux official CI (gfortran-14 + ATLAS),Ubuntu 24.04.5 LTS (GitHub Actions),GNU Fortran 14.2.0,ATLAS,double,OMP_NUM_THREADS=1,5.0.0,5.0.0,2895884d2be01862173c88d70f86b358d2f1a50a,dd5feaaaa500ba7283140107806300d551cff0a7,36661489286,10.0,raw/reference.outb,raw/linux_gnu_1.outb,official_rtest_reference,GNU/Linux official CI (gfortran-14 + ATLAS),,,,,Wind1VelY,inflow,m/s,-1.0483910078428804,3.1000689714310004,-1.0483910078428804,3.1000689714310004,0.0,0.0,0.0,0.0,0.01,0.012589254117941675,True,3.1000689714310004,3.1000689714310004,0.0,0.0,1.0,,,,,,,,,,,,,,,,,,,,,,,,,,,,,,,,,,
channel,official regression,physical_channel_check,5MW_OC4Jckt_DLL_WTurb_WavesIrr_MGrowth,,,,,gnu_linux_atlas,GNU/Linux official CI (gfortran-14 + ATLAS),Ubuntu 24.04.5 LTS (GitHub Actions),GNU Fortran 14.2.0,ATLAS,double,OMP_NUM_THREADS=1,5.0.0,5.0.0,2895884d2be01862173c88d70f86b358d2f1a50a,dd5feaaaa500ba7283140107806300d551cff0a7,36661489286,10.0,raw/reference.outb,raw/linux_gnu_1.outb,official_rtest_reference,GNU/Linux official CI (gfortran-14 + ATLAS),,,,,Wind1VelZ,inflow,m/s,-1.9720443462907973,1.3090148701675508,-1.9720443462907973,1.3090148701675508,0.0,0.0,0.0,0.0,0.01,0.012589254117941675,True,1.9720443462907973,1.9720443462907973,0.0,0.0,1.0,,,,,,,,,,,,,,,,,,,,,,,,,,,,,,,,,,
channel,official regression,physical_channel_check,5MW_OC4Jckt_DLL_WTurb_WavesIrr_MGrowth,,,,,gnu_linux_atlas,GNU/Linux official CI (gfortran-14 + ATLAS),Ubuntu 24.04.5 LTS (GitHub Actions),GNU Fortran 14.2.0,ATLAS,double,OMP_NUM_THREADS=1,5.0.0,5.0.0,2895884d2be01862173c88d70f86b358d2f1a50a,dd5feaaaa500ba7283140107806300d551cff0a7,36661489286,10.0,raw/reference.outb,raw/linux_gnu_1.outb,official_rtest_reference,GNU/Linux official CI (gfortran-14 + ATLAS),,,,,OoPDefl1,blade,m,0.0,6.8790888559249534,0.0,6.879088855924957,6.498484870220977e-07,9.446723259903581e-08,3.8651579975734e-08,5.164511977106607e-16,0.01,0.012589254117941675,True,6.8790888559249534,6.879088855924957,1.9708004900928447e-07,2.0164921352003986e-07,0.9999999999999866,,,,,,,,,,,,,,,,,,,,,,,,,,,,,,,,,,
channel,official regression,physical_channel_check,5MW_OC4Jckt_DLL_WTurb_WavesIrr_MGrowth,,,,,gnu_linux_atlas,GNU/Linux official CI (gfortran-14 + ATLAS),Ubuntu 24.04.5 LTS (GitHub Actions),GNU Fortran 14.2.0,ATLAS,double,OMP_NUM_THREADS=1,5.0.0,5.0.0,2895884d2be01862173c88d70f86b358d2f1a50a,dd5feaaaa500ba7283140107806300d551cff0a7,36661489286,10.0,raw/reference.outb,raw/linux_gnu_1.outb,official_rtest_reference,GNU/Linux official CI (gfortran-14 + ATLAS),,,,,IPDefl1,blade,m,-1.1966515783427982,0.061304539984974614,-1.196651578342798,0.061304596239808384,3.02735755797201e-07,2.406568491432229e-07,1.9364930345102596e-07,1.8555493423786169e-16,0.01,0.012589254117941675,True,1.1966515783427982,1.196651578342798,1.2434618247399772e-07,3.3916197819129265e-07,0.9999999999999427,,,,,,,,,,,,,,,,,,,,,,,,,,,,,,,,,,
channel,official regression,physical_channel_check,5MW_OC4Jckt_DLL_WTurb_WavesIrr_MGrowth,,,,,gnu_linux_atlas,GNU/Linux official CI (gfortran-14 + ATLAS),Ubuntu 24.04.5 LTS (GitHub Actions),GNU Fortran 14.2.0,ATLAS,double,OMP_NUM_THREADS=1,5.0.0,5.0.0,2895884d2be01862173c88d70f86b358d2f1a50a,dd5feaaaa500ba7283140107806300d551cff0a7,36661489286,10.0,raw/reference.outb,raw/linux_gnu_1.outb,official_rtest_reference,GNU/Linux official CI (gfortran-14 + ATLAS),,,,,TwstDefl1,blade,deg,0.0,0.0,0.0,0.0,0.0,0.0,0.0,0.0,0.01,1e-06,True,0.0,0.0,0.0,0.0,nan,,,,,,,,,,,,,,,,,,,,,,,,,,,,,,,,,,
channel,official regression,physical_channel_check,5MW_OC4Jckt_DLL_WTurb_WavesIrr_MGrowth,,,,,gnu_linux_atlas,GNU/Linux official CI (gfortran-14 + ATLAS),Ubuntu 24.04.5 LTS (GitHub Actions),GNU Fortran 14.2.0,ATLAS,double,OMP_NUM_THREADS=1,5.0.0,5.0.0,2895884d2be01862173c88d70f86b358d2f1a50a,dd5feaaaa500ba7283140107806300d551cff0a7,36661489286,10.0,raw/reference.outb,raw/linux_gnu_1.outb,official_rtest_reference,GNU/Linux official CI (gfortran-14 + ATLAS),,,,,BldPitch1,blade,deg,0.0,0.0,0.0,0.0,0.0,0.0,0.0,0.0,0.01,1e-06,True,0.0,0.0,0.0,0.0,nan,,,,,,,,,,,,,,,,,,,,,,,,,,,,,,,,,,
channel,official regression,physical_channel_check,5MW_OC4Jckt_DLL_WTurb_WavesIrr_MGrowth,,,,,gnu_linux_atlas,GNU/Linux official CI (gfortran-14 + ATLAS),Ubuntu 24.04.5 LTS (GitHub Actions),GNU Fortran 14.2.0,ATLAS,double,OMP_NUM_THREADS=1,5.0.0,5.0.0,2895884d2be01862173c88d70f86b358d2f1a50a,dd5feaaaa500ba7283140107806300d551cff0a7,36661489286,10.0,raw/reference.outb,raw/linux_gnu_1.outb,official_rtest_reference,GNU/Linux official CI (gfortran-14 + ATLAS),,,,,Azimuth,substructure_internal,deg,0.0,358.97336304860175,0.0,358.97335672763876,1.9274870112440112e-05,5.369442999543804e-08,4.7448844636422195e-08,1.7608445768806236e-08,0.01,1.2589254117941675,True,358.97336304860175,358.97335672763876,9.797686749670204e-06,9.453316356201508e-08,0.9999999999999981,,,,,,,,,,,,,,,,,,,,,,,,,,,,,,,,,,
channel,official regression,physical_channel_check,5MW_OC4Jckt_DLL_WTurb_WavesIrr_MGrowth,,,,,gnu_linux_atlas,GNU/Linux official CI (gfortran-14 + ATLAS),Ubuntu 24.04.5 LTS (GitHub Actions),GNU Fortran 14.2.0,ATLAS,double,OMP_NUM_THREADS=1,5.0.0,5.0.0,2895884d2be01862173c88d70f86b358d2f1a50a,dd5feaaaa500ba7283140107806300d551cff0a7,36661489286,10.0,raw/reference.outb,raw/linux_gnu_1.outb,official_rtest_reference,GNU/Linux official CI (gfortran-14 + ATLAS),,,,,RotSpeed,drivetrain_power,rpm,11.568961447723096,12.145116459189522,11.568961447723098,12.145116040148286,6.885744383566816e-07,5.66955813614843e-08,3.182142767835133e-08,3.45028585684482e-08,0.01,0.0012589254117941675,True,12.145116459189522,12.145116040148286,3.7907532622388496e-07,3.1689438656219056e-06,0.9999999999988132,,,,,,,,,,,,,,,,,,,,,,,,,,,,,,,,,,
channel,official regression,physical_channel_check,5MW_OC4Jckt_DLL_WTurb_WavesIrr_MGrowth,,,,,gnu_linux_atlas,GNU/Linux official CI (gfortran-14 + ATLAS),Ubuntu 24.04.5 LTS (GitHub Actions),GNU Fortran 14.2.0,ATLAS,double,OMP_NUM_THREADS=1,5.0.0,5.0.0,2895884d2be01862173c88d70f86b358d2f1a50a,dd5feaaaa500ba7283140107806300d551cff0a7,36661489286,10.0,raw/reference.outb,raw/linux_gnu_1.outb,official_rtest_reference,GNU/Linux official CI (gfortran-14 + ATLAS),,,,,GenSpeed,drivetrain_power,rpm,1100.8837276361735,1193.2618417909762,1100.8837276361737,1193.2618417909764,0.00010458458132234227,8.764596139718207e-08,3.6559076911597565e-08,1.9054801509613774e-16,0.01,0.12589254117941676,True,1193.2618417909762,1193.2618417909764,4.2231315940177404e-05,2.373670748716633e-06,0.9999999999987296,,,,,,,,,,,,,,,,,,,,,,,,,,,,,,,,,,
channel,official regression,physical_channel_check,5MW_OC4Jckt_DLL_WTurb_WavesIrr_MGrowth,,,,,gnu_linux_atlas,GNU/Linux official CI (gfortran-14 + ATLAS),Ubuntu 24.04.5 LTS (GitHub Actions),GNU Fortran 14.2.0,ATLAS,double,OMP_NUM_THREADS=1,5.0.0,5.0.0,2895884d2be01862173c88d70f86b358d2f1a50a,dd5feaaaa500ba7283140107806300d551cff0a7,36661489286,10.0,raw/reference.outb,raw/linux_gnu_1.outb,official_rtest_reference,GNU/Linux official CI (gfortran-14 + ATLAS),,,,,TTDspFA,tower_yaw,m,-0.0004470948024291556,0.48319966832948474,-0.00044709480242907396,0.48319966832948436,1.5405962117132077e-08,3.1853748006848805e-08,1.9921354340664443e-08,8.041769978075414e-16,0.01,0.0012589254117941675,True,0.48319966832948474,0.48319966832948436,5.535370132986142e-09,4.9095439748579365e-08,0.9999999999999996,,,,,,,,,,,,,,,,,,,,,,,,,,,,,,,,,,
channel,official regression,physical_channel_check,5MW_OC4Jckt_DLL_WTurb_WavesIrr_MGrowth,,,,,gnu_linux_atlas,GNU/Linux official CI (gfortran-14 + ATLAS),Ubuntu 24.04.5 LTS (GitHub Actions),GNU Fortran 14.2.0,ATLAS,double,OMP_NUM_THREADS=1,5.0.0,5.0.0,2895884d2be01862173c88d70f86b358d2f1a50a,dd5feaaaa500ba7283140107806300d551cff0a7,36661489286,10.0,raw/reference.outb,raw/linux_gnu_1.outb,official_rtest_reference,GNU/Linux official CI (gfortran-14 + ATLAS),,,,,TTDspSS,tower_yaw,m,-0.08419812170215808,0.00019394093832547993,-0.08419812170215787,0.00019394093832547906,3.607652820231122e-08,4.274872194556958e-07,3.930166338961125e-07,2.4723451415411006e-15,0.01,0.00012589254117941674,True,0.08419812170215808,0.08419812170215787,1.752238356979019e-08,7.701432821555295e-07,0.9999999999997514,,,,,,,,,,,,,,,,,,,,,,,,,,,,,,,,,,
channel,official regression,physical_channel_check,5MW_OC4Jckt_DLL_WTurb_WavesIrr_MGrowth,,,,,gnu_linux_atlas,GNU/Linux official CI (gfortran-14 + ATLAS),Ubuntu 24.04.5 LTS (GitHub Actions),GNU Fortran 14.2.0,ATLAS,double,OMP_NUM_THREADS=1,5.0.0,5.0.0,2895884d2be01862173c88d70f86b358d2f1a50a,dd5feaaaa500ba7283140107806300d551cff0a7,36661489286,10.0,raw/reference.outb,raw/linux_gnu_1.outb,official_rtest_reference,GNU/Linux official CI (gfortran-14 + ATLAS),,,,,TTDspTwst,tower_yaw,deg,0.0,0.0,0.0,0.0,0.0,0.0,0.0,0.0,0.01,1e-06,True,0.0,0.0,0.0,0.0,nan,,,,,,,,,,,,,,,,,,,,,,,,,,,,,,,,,,
channel,official regression,physical_channel_check,5MW_OC4Jckt_DLL_WTurb_WavesIrr_MGrowth,,,,,gnu_linux_atlas,GNU/Linux official CI (gfortran-14 + ATLAS),Ubuntu 24.04.5 LTS (GitHub Actions),GNU Fortran 14.2.0,ATLAS,double,OMP_NUM_THREADS=1,5.0.0,5.0.0,2895884d2be01862173c88d70f86b358d2f1a50a,dd5feaaaa500ba7283140107806300d551cff0a7,36661489286,10.0,raw/reference.outb,raw/linux_gnu_1.outb,official_rtest_reference,GNU/Linux official CI (gfortran-14 + ATLAS),,,,,Spn2MLxb1,blade,kN-m,-708.7139640258193,811.2607177751871,-708.7137216285493,811.260717775188,0.0005175348935324564,3.4048915401619273e-07,5.034631892406406e-07,1.1210880569530587e-15,0.01,12.589254117941675,True,811.2607177751871,811.260717775188,0.00020061635376703672,5.047845424633444e-07,0.999999999999874,,,,,,,,,,,,,,,,,,,,,,,,,,,,,,,,,,
channel,official regression,physical_channel_check,5MW_OC4Jckt_DLL_WTurb_WavesIrr_MGrowth,,,,,gnu_linux_atlas,GNU/Linux official CI (gfortran-14 + ATLAS),Ubuntu 24.04.5 LTS (GitHub Actions),GNU Fortran 14.2.0,ATLAS,double,OMP_NUM_THREADS=1,5.0.0,5.0.0,2895884d2be01862173c88d70f86b358d2f1a50a,dd5feaaaa500ba7283140107806300d551cff0a7,36661489286,10.0,raw/reference.outb,raw/linux_gnu_1.outb,official_rtest_reference,GNU/Linux official CI (gfortran-14 + ATLAS),,,,,Spn2MLyb1,blade,kN-m,-23.30836479418132,3323.180550144485,-23.30836479418059,3323.180550144486,0.0003399346874175535,1.0157950498508786e-07,3.958807010613011e-08,2.7368200073672955e-16,0.01,12.589254117941675,True,3323.180550144485,3323.180550144486,9.773542049252945e-05,2.068604250785692e-07,0.9999999999999857,,,,,,,,,,,,,,,,,,,,,,,,,,,,,,,,,,
channel,official regression,physical_channel_check,5MW_OC4Jckt_DLL_WTurb_WavesIrr_MGrowth,,,,,gnu_linux_atlas,GNU/Linux official CI (gfortran-14 + ATLAS),Ubuntu 24.04.5 LTS (GitHub Actions),GNU Fortran 14.2.0,ATLAS,double,OMP_NUM_THREADS=1,5.0.0,5.0.0,2895884d2be01862173c88d70f86b358d2f1a50a,dd5feaaaa500ba7283140107806300d551cff0a7,36661489286,10.0,raw/reference.outb,raw/linux_gnu_1.outb,official_rtest_reference,GNU/Linux official CI (gfortran-14 + ATLAS),,,,,RootFxc1,blade,kN,33.72418512328077,338.7873450968574,33.724185123280684,338.7873450968583,7.55058082972937e-05,2.228708049165975e-07,7.186663626736535e-08,2.6845592520963522e-15,0.01,1.2589254117941675,True,338.7873450968574,338.7873450968583,1.911037538172914e-05,4.4106041244008223e-07,0.999999999999914,,,,,,,,,,,,,,,,,,,,,,,,,,,,,,,,,,
channel,official regression,physical_channel_check,5MW_OC4Jckt_DLL_WTurb_WavesIrr_MGrowth,,,,,gnu_linux_atlas,GNU/Linux official CI (gfortran-14 + ATLAS),Ubuntu 24.04.5 LTS (GitHub Actions),GNU Fortran 14.2.0,ATLAS,double,OMP_NUM_THREADS=1,5.0.0,5.0.0,2895884d2be01862173c88d70f86b358d2f1a50a,dd5feaaaa500ba7283140107806300d551cff0a7,36661489286,10.0,raw/reference.outb,raw/linux_gnu_1.outb,official_rtest_reference,GNU/Linux official CI (gfortran-14 + ATLAS),,,,,RootFyc1,blade,kN,-221.79893111820658,147.64997354659113,-221.79893111820678,147.64994495588502,7.234712980164204e-05,1.9582445336326776e-07,1.8686629919937737e-07,8.969924472124604e-16,0.01,1.2589254117941675,True,221.79893111820658,221.79893111820678,2.424305659670836e-05,1.9552072642270624e-07,0.9999999999999811,,,,,,,,,,,,,,,,,,,,,,,,,,,,,,,,,,
channel,official regression,physical_channel_check,5MW_OC4Jckt_DLL_WTurb_WavesIrr_MGrowth,,,,,gnu_linux_atlas,GNU/Linux official CI (gfortran-14 + ATLAS),Ubuntu 24.04.5 LTS (GitHub Actions),GNU Fortran 14.2.0,ATLAS,double,OMP_NUM_THREADS=1,5.0.0,5.0.0,2895884d2be01862173c88d70f86b358d2f1a50a,dd5feaaaa500ba7283140107806300d551cff0a7,36661489286,10.0,raw/reference.outb,raw/linux_gnu_1.outb,official_rtest_reference,GNU/Linux official CI (gfortran-14 + ATLAS),,,,,RootFzc1,blade,kN,392.3768060026389,749.7661137318507,392.37675671199736,749.7660696183534,9.365902860736242e-05,1.2491766017696953e-07,6.625380567064348e-08,5.883634444986076e-08,0.01,1.2589254117941675,True,749.7661137318507,749.7660696183534,3.91236560925973e-05,3.239505237561989e-07,0.9999999999999727,,,,,,,,,,,,,,,,,,,,,,,,,,,,,,,,,,
channel,official regression,physical_channel_check,5MW_OC4Jckt_DLL_WTurb_WavesIrr_MGrowth,,,,,gnu_linux_atlas,GNU/Linux official CI (gfortran-14 + ATLAS),Ubuntu 24.04.5 LTS (GitHub Actions),GNU Fortran 14.2.0,ATLAS,double,OMP_NUM_THREADS=1,5.0.0,5.0.0,2895884d2be01862173c88d70f86b358d2f1a50a,dd5feaaaa500ba7283140107806300d551cff0a7,36661489286,10.0,raw/reference.outb,raw/linux_gnu_1.outb,official_rtest_reference,GNU/Linux official CI (gfortran-14 + ATLAS),,,,,RootMxc1,blade,kN-m,-2847.155211579946,5623.858035793797,-2847.154944135537,5623.858035793801,0.001609766985893657,1.9003240095188505e-07,2.3744307463671458e-07,6.468831154586958e-16,0.01,12.589254117941675,True,5623.858035793797,5623.858035793801,0.0006793660076844148,2.6206223243167245e-07,0.9999999999999662,,,,,,,,,,,,,,,,,,,,,,,,,,,,,,,,,,
channel,official regression,physical_channel_check,5MW_OC4Jckt_DLL_WTurb_WavesIrr_MGrowth,,,,,gnu_linux_atlas,GNU/Linux official CI (gfortran-14 + ATLAS),Ubuntu 24.04.5 LTS (GitHub Actions),GNU Fortran 14.2.0,ATLAS,double,OMP_NUM_THREADS=1,5.0.0,5.0.0,2895884d2be01862173c88d70f86b358d2f1a50a,dd5feaaaa500ba7283140107806300d551cff0a7,36661489286,10.0,raw/reference.outb,raw/linux_gnu_1.outb,official_rtest_reference,GNU/Linux official CI (gfortran-14 + ATLAS),,,,,RootMyc1,blade,kN-m,352.8579879515306,12407.105858599632,352.85798795152886,12407.105858599647,0.0021308218583726557,1.717420551301041e-07,5.714663065549439e-08,1.1728694341944866e-15,0.01,125.89254117941675,True,12407.105858599632,12407.105858599647,0.0005379724763133327,3.243331543500661e-07,0.9999999999999575,,,,,,,,,,,,,,,,,,,,,,,,,,,,,,,,,,
channel,official regression,physical_channel_check,5MW_OC4Jckt_DLL_WTurb_WavesIrr_MGrowth,,,,,gnu_linux_atlas,GNU/Linux official CI (gfortran-14 + ATLAS),Ubuntu 24.04.5 LTS (GitHub Actions),GNU Fortran 14.2.0,ATLAS,double,OMP_NUM_THREADS=1,5.0.0,5.0.0,2895884d2be01862173c88d70f86b358d2f1a50a,dd5feaaaa500ba7283140107806300d551cff0a7,36661489286,10.0,raw/reference.outb,raw/linux_gnu_1.outb,official_rtest_reference,GNU/Linux official CI (gfortran-14 + ATLAS),,,,,RootMzc1,blade,kN-m,-105.76381978806035,87.98836026989557,-105.76381978805944,87.98837912023782,7.007773820078e-05,3.6168748232829216e-07,4.4311241912283713e-07,8.599298924674437e-15,0.01,1.2589254117941675,True,105.76381978806035,105.76381978805944,2.1827951585081145e-05,4.4532226822950674e-07,0.9999999999999014,,,,,,,,,,,,,,,,,,,,,,,,,,,,,,,,,,
channel,official regression,physical_channel_check,5MW_OC4Jckt_DLL_WTurb_WavesIrr_MGrowth,,,,,gnu_linux_atlas,GNU/Linux official CI (gfortran-14 + ATLAS),Ubuntu 24.04.5 LTS (GitHub Actions),GNU Fortran 14.2.0,ATLAS,double,OMP_NUM_THREADS=1,5.0.0,5.0.0,2895884d2be01862173c88d70f86b358d2f1a50a,dd5feaaaa500ba7283140107806300d551cff0a7,36661489286,10.0,raw/reference.outb,raw/linux_gnu_1.outb,official_rtest_reference,GNU/Linux official CI (gfortran-14 + ATLAS),,,,,RotTorq,drivetrain_power,kN-m,5.135447622706124e-12,6368.383466573431,-4.050981772252271e-12,6368.38346657343,0.004925073717458872,7.733632472525802e-07,3.89712723851062e-07,1.4281406051421248e-16,0.01,12.589254117941675,True,6368.383466573431,6368.38346657343,0.0015647334059169765,1.7141178053445405e-06,0.9999999999985946,,,,,,,,,,,,,,,,,,,,,,,,,,,,,,,,,,
channel,official regression,physical_channel_check,5MW_OC4Jckt_DLL_WTurb_WavesIrr_MGrowth,,,,,gnu_linux_atlas,GNU/Linux official CI (gfortran-14 + ATLAS),Ubuntu 24.04.5 LTS (GitHub Actions),GNU Fortran 14.2.0,ATLAS,double,OMP_NUM_THREADS=1,5.0.0,5.0.0,2895884d2be01862173c88d70f86b358d2f1a50a,dd5feaaaa500ba7283140107806300d551cff0a7,36661489286,10.0,raw/reference.outb,raw/linux_gnu_1.outb,official_rtest_reference,GNU/Linux official CI (gfortran-14 + ATLAS),,,,,LSSGagMya,drivetrain_power,kN-m,-2413.372309074901,1784.4763977726877,-2413.3729074678613,1784.476397772693,0.002244573959160334,5.346962494143617e-07,6.351922237450719e-07,2.4794887975024557e-07,0.01,12.589254117941675,True,2413.372309074901,2413.3729074678613,0.0005607778074083106,6.478735225279671e-07,0.9999999999997897,,,,,,,,,,,,,,,,,,,,,,,,,,,,,,,,,,
channel,official regression,physical_channel_check,5MW_OC4Jckt_DLL_WTurb_WavesIrr_MGrowth,,,,,gnu_linux_atlas,GNU/Linux official CI (gfortran-14 + ATLAS),Ubuntu 24.04.5 LTS (GitHub Actions),GNU Fortran 14.2.0,ATLAS,double,OMP_NUM_THREADS=1,5.0.0,5.0.0,2895884d2be01862173c88d70f86b358d2f1a50a,dd5feaaaa500ba7283140107806300d551cff0a7,36661489286,10.0,raw/reference.outb,raw/linux_gnu_1.outb,official_rtest_reference,GNU/Linux official CI (gfortran-14 + ATLAS),,,,,LSSGagMza,drivetrain_power,kN-m,-1583.0170164905765,1751.9481345590107,-1583.0170164905712,1751.948134559047,0.0021129784686308994,6.335833728175237e-07,7.368340071823772e-07,2.076533394641527e-14,0.01,12.589254117941675,True,1751.9481345590107,1751.948134559047,0.0005317071025643537,7.505117748015784e-07,0.9999999999997194,,,,,,,,,,,,,,,,,,,,,,,,,,,,,,,,,,
channel,official regression,physical_channel_check,5MW_OC4Jckt_DLL_WTurb_WavesIrr_MGrowth,,,,,gnu_linux_atlas,GNU/Linux official CI (gfortran-14 + ATLAS),Ubuntu 24.04.5 LTS (GitHub Actions),GNU Fortran 14.2.0,ATLAS,double,OMP_NUM_THREADS=1,5.0.0,5.0.0,2895884d2be01862173c88d70f86b358d2f1a50a,dd5feaaaa500ba7283140107806300d551cff0a7,36661489286,10.0,raw/reference.outb,raw/linux_gnu_1.outb,official_rtest_reference,GNU/Linux official CI (gfortran-14 + ATLAS),,,,,YawBrFxp,tower_yaw,kN,-14.774736874909278,1252.1663382860631,-14.774736874908488,1252.1663382860606,8.632681215203775e-05,6.813798513957677e-08,3.2950439998674256e-08,1.9974266624185217e-15,0.01,12.589254117941675,True,1252.1663382860631,1252.1663382860606,2.446049338435053e-05,8.635404104471297e-08,0.999999999999997,,,,,,,,,,,,,,,,,,,,,,,,,,,,,,,,,,
channel,official regression,physical_channel_check,5MW_OC4Jckt_DLL_WTurb_WavesIrr_MGrowth,,,,,gnu_linux_atlas,GNU/Linux official CI (gfortran-14 + ATLAS),Ubuntu 24.04.5 LTS (GitHub Actions),GNU Fortran 14.2.0,ATLAS,double,OMP_NUM_THREADS=1,5.0.0,5.0.0,2895884d2be01862173c88d70f86b358d2f1a50a,dd5feaaaa500ba7283140107806300d551cff0a7,36661489286,10.0,raw/reference.outb,raw/linux_gnu_1.outb,official_rtest_reference,GNU/Linux official CI (gfortran-14 + ATLAS),,,,,YawBrFyp,tower_yaw,kN,-154.04058377387727,100.92087493584481,-154.04058377387764,100.9208749358436,0.00018421673689772433,7.22527780590784e-07,9.988381936747437e-07,2.3986031053844275e-15,0.01,1.2589254117941675,True,154.04058377387727,154.04058377387764,6.494312530925293e-05,1.0250362984743385e-06,0.9999999999995381,,,,,,,,,,,,,,,,,,,,,,,,,,,,,,,,,,
channel,official regression,physical_channel_check,5MW_OC4Jckt_DLL_WTurb_WavesIrr_MGrowth,,,,,gnu_linux_atlas,GNU/Linux official CI (gfortran-14 + ATLAS),Ubuntu 24.04.5 LTS (GitHub Actions),GNU Fortran 14.2.0,ATLAS,double,OMP_NUM_THREADS=1,5.0.0,5.0.0,2895884d2be01862173c88d70f86b358d2f1a50a,dd5feaaaa500ba7283140107806300d551cff0a7,36661489286,10.0,raw/reference.outb,raw/linux_gnu_1.outb,official_rtest_reference,GNU/Linux official CI (gfortran-14 + ATLAS),,,,,YawBrFzp,tower_yaw,kN,-3609.4049339011685,-3309.945706712721,-3609.404933901171,-3309.945706712718,2.9069660740788095e-05,8.05386518640584e-09,3.170471489054819e-09,6.299478157954386e-16,0.01,1.2589254117941675,True,3609.4049339011685,3609.404933901171,1.1076273563808093e-05,2.738949428239307e-07,0.9999999999999645,,,,,,,,,,,,,,,,,,,,,,,,,,,,,,,,,,
channel,official regression,physical_channel_check,5MW_OC4Jckt_DLL_WTurb_WavesIrr_MGrowth,,,,,gnu_linux_atlas,GNU/Linux official CI (gfortran-14 + ATLAS),Ubuntu 24.04.5 LTS (GitHub Actions),GNU Fortran 14.2.0,ATLAS,double,OMP_NUM_THREADS=1,5.0.0,5.0.0,2895884d2be01862173c88d70f86b358d2f1a50a,dd5feaaaa500ba7283140107806300d551cff0a7,36661489286,10.0,raw/reference.outb,raw/linux_gnu_1.outb,official_rtest_reference,GNU/Linux official CI (gfortran-14 + ATLAS),,,,,YawBrMxp,tower_yaw,kN-m,38.524641738856374,6140.165830537007,38.524641738846974,6140.165830537004,0.004787480656887055,7.796989184033733e-07,3.691334963252632e-07,5.924886896374821e-16,0.01,12.589254117941675,True,6140.165830537007,6140.165830537004,0.0014915493372236824,1.7091585788655236e-06,0.9999999999986124,,,,,,,,,,,,,,,,,,,,,,,,,,,,,,,,,,
channel,official regression,physical_channel_check,5MW_OC4Jckt_DLL_WTurb_WavesIrr_MGrowth,,,,,gnu_linux_atlas,GNU/Linux official CI (gfortran-14 + ATLAS),Ubuntu 24.04.5 LTS (GitHub Actions),GNU Fortran 14.2.0,ATLAS,double,OMP_NUM_THREADS=1,5.0.0,5.0.0,2895884d2be01862173c88d70f86b358d2f1a50a,dd5feaaaa500ba7283140107806300d551cff0a7,36661489286,10.0,raw/reference.outb,raw/linux_gnu_1.outb,official_rtest_reference,GNU/Linux official CI (gfortran-14 + ATLAS),,,,,YawBrMyp,tower_yaw,kN-m,-459.79796013662445,5136.801187750955,-459.7990986292314,5136.801187750981,0.0032849423610059603,5.869533039981705e-07,2.885414896526046e-07,4.957531101333455e-15,0.01,12.589254117941675,True,5136.801187750955,5136.801187750981,0.0007275785053067492,6.354221436371803e-07,0.9999999999997994,,,,,,,,,,,,,,,,,,,,,,,,,,,,,,,,,,
channel,official regression,physical_channel_check,5MW_OC4Jckt_DLL_WTurb_WavesIrr_MGrowth,,,,,gnu_linux_atlas,GNU/Linux official CI (gfortran-14 + ATLAS),Ubuntu 24.04.5 LTS (GitHub Actions),GNU Fortran 14.2.0,ATLAS,double,OMP_NUM_THREADS=1,5.0.0,5.0.0,2895884d2be01862173c88d70f86b358d2f1a50a,dd5feaaaa500ba7283140107806300d551cff0a7,36661489286,10.0,raw/reference.outb,raw/linux_gnu_1.outb,official_rtest_reference,GNU/Linux official CI (gfortran-14 + ATLAS),,,,,YawBrMzp,tower_yaw,kN-m,-1574.906631563606,1380.0578721548627,-1574.9068295251043,1380.0578721549116,0.0018331734485492746,6.203707172260261e-07,7.765904478200765e-07,1.2569729173030036e-07,0.01,12.589254117941675,True,1574.906631563606,1574.9068295251043,0.0005188769537323694,7.844129306830826e-07,0.9999999999997026,,,,,,,,,,,,,,,,,,,,,,,,,,,,,,,,,,
channel,official regression,physical_channel_check,5MW_OC4Jckt_DLL_WTurb_WavesIrr_MGrowth,,,,,gnu_linux_atlas,GNU/Linux official CI (gfortran-14 + ATLAS),Ubuntu 24.04.5 LTS (GitHub Actions),GNU Fortran 14.2.0,ATLAS,double,OMP_NUM_THREADS=1,5.0.0,5.0.0,2895884d2be01862173c88d70f86b358d2f1a50a,dd5feaaaa500ba7283140107806300d551cff0a7,36661489286,10.0,raw/reference.outb,raw/linux_gnu_1.outb,official_rtest_reference,GNU/Linux official CI (gfortran-14 + ATLAS),,,,,TwrBsMxt,tower_yaw,kN-m,-3115.3092303297326,13470.173937556887,-3115.3092303297626,13470.173937556849,0.007709079931373708,4.6480888457324497e-07,4.580222048066774e-07,2.8358043223153194e-15,0.01,125.89254117941675,True,13470.173937556887,13470.173937556849,0.0029896422152107965,6.660498886743549e-07,0.9999999999998013,,,,,,,,,,,,,,,,,,,,,,,,,,,,,,,,,,
channel,official regression,physical_channel_check,5MW_OC4Jckt_DLL_WTurb_WavesIrr_MGrowth,,,,,gnu_linux_atlas,GNU/Linux official CI (gfortran-14 + ATLAS),Ubuntu 24.04.5 LTS (GitHub Actions),GNU Fortran 14.2.0,ATLAS,double,OMP_NUM_THREADS=1,5.0.0,5.0.0,2895884d2be01862173c88d70f86b358d2f1a50a,dd5feaaaa500ba7283140107806300d551cff0a7,36661489286,10.0,raw/reference.outb,raw/linux_gnu_1.outb,official_rtest_reference,GNU/Linux official CI (gfortran-14 + ATLAS),,,,,TwrBsMyt,tower_yaw,kN-m,-1677.065143760829,93114.59092903801,-1677.065143760746,93114.59092903786,0.004413069909787737,4.655546798758904e-08,2.4854297515197663e-08,1.5627964514666414e-15,0.01,125.89254117941675,True,93114.59092903801,93114.59092903786,0.0013426447827183156,5.977041991950859e-08,0.9999999999999983,,,,,,,,,,,,,,,,,,,,,,,,,,,,,,,,,,
channel,official regression,physical_channel_check,5MW_OC4Jckt_DLL_WTurb_WavesIrr_MGrowth,,,,,gnu_linux_atlas,GNU/Linux official CI (gfortran-14 + ATLAS),Ubuntu 24.04.5 LTS (GitHub Actions),GNU Fortran 14.2.0,ATLAS,double,OMP_NUM_THREADS=1,5.0.0,5.0.0,2895884d2be01862173c88d70f86b358d2f1a50a,dd5feaaaa500ba7283140107806300d551cff0a7,36661489286,10.0,raw/reference.outb,raw/linux_gnu_1.outb,official_rtest_reference,GNU/Linux official CI (gfortran-14 + ATLAS),,,,,TwrBsMzt,tower_yaw,kN-m,-1574.641569410608,1380.2942591318733,-1574.641767972312,1380.294259131922,0.0018334461005089508,6.20469007414383e-07,7.765982188091101e-07,1.260996202183221e-07,0.01,12.589254117941675,True,1574.641569410608,1574.641767972312,0.0005189186545829163,7.843994768345313e-07,0.9999999999997026,,,,,,,,,,,,,,,,,,,,,,,,,,,,,,,,,,
channel,official regression,physical_channel_check,5MW_OC4Jckt_DLL_WTurb_WavesIrr_MGrowth,,,,,gnu_linux_atlas,GNU/Linux official CI (gfortran-14 + ATLAS),Ubuntu 24.04.5 LTS (GitHub Actions),GNU Fortran 14.2.0,ATLAS,double,OMP_NUM_THREADS=1,5.0.0,5.0.0,2895884d2be01862173c88d70f86b358d2f1a50a,dd5feaaaa500ba7283140107806300d551cff0a7,36661489286,10.0,raw/reference.outb,raw/linux_gnu_1.outb,official_rtest_reference,GNU/Linux official CI (gfortran-14 + ATLAS),,,,,PtfmSurge,platform,m,0.0,0.08777372848363016,0.0,0.08777372848363002,3.0603126213724074e-09,3.4865929410109964e-08,2.3696700060104367e-08,1.5810867383174534e-15,0.01,0.00012589254117941674,True,0.08777372848363016,0.08777372848363002,1.1795633965749018e-09,5.151729034573882e-08,0.9999999999999989,,,,,,,,,,,,,,,,,,,,,,,,,,,,,,,,,,
channel,official regression,physical_channel_check,5MW_OC4Jckt_DLL_WTurb_WavesIrr_MGrowth,,,,,gnu_linux_atlas,GNU/Linux official CI (gfortran-14 + ATLAS),Ubuntu 24.04.5 LTS (GitHub Actions),GNU Fortran 14.2.0,ATLAS,double,OMP_NUM_THREADS=1,5.0.0,5.0.0,2895884d2be01862173c88d70f86b358d2f1a50a,dd5feaaaa500ba7283140107806300d551cff0a7,36661489286,10.0,raw/reference.outb,raw/linux_gnu_1.outb,official_rtest_reference,GNU/Linux official CI (gfortran-14 + ATLAS),,,,,PtfmSway,platform,m,-0.014402180767418029,0.009863159484744827,-0.014402180767417942,0.00986314796506699,1.4500904491066002e-08,5.975974101485548e-07,1.0696611393974211e-06,6.0224333522505915e-15,0.01,0.00012589254117941674,True,0.014402180767418029,0.014402180767417942,6.9061008562947715e-09,1.1892017450112245e-06,0.9999999999994457,,,,,,,,,,,,,,,,,,,,,,,,,,,,,,,,,,
channel,official regression,physical_channel_check,5MW_OC4Jckt_DLL_WTurb_WavesIrr_MGrowth,,,,,gnu_linux_atlas,GNU/Linux official CI (gfortran-14 + ATLAS),Ubuntu 24.04.5 LTS (GitHub Actions),GNU Fortran 14.2.0,ATLAS,double,OMP_NUM_THREADS=1,5.0.0,5.0.0,2895884d2be01862173c88d70f86b358d2f1a50a,dd5feaaaa500ba7283140107806300d551cff0a7,36661489286,10.0,raw/reference.outb,raw/linux_gnu_1.outb,official_rtest_reference,GNU/Linux official CI (gfortran-14 + ATLAS),,,,,PtfmHeave,platform,m,-0.007228709490866261,-0.00702,-0.007228709490866264,-0.00702,2.178516308320999e-11,3.0137001785362026e-09,9.977992326580197e-10,4.799538501771841e-16,0.01,1.2589254117941661e-06,True,0.007228709490866261,0.007228709490866264,7.101302741702597e-12,1.80554612964394e-07,0.9999999999999842,,,,,,,,,,,,,,,,,,,,,,,,,,,,,,,,,,
channel,official regression,physical_channel_check,5MW_OC4Jckt_DLL_WTurb_WavesIrr_MGrowth,,,,,gnu_linux_atlas,GNU/Linux official CI (gfortran-14 + ATLAS),Ubuntu 24.04.5 LTS (GitHub Actions),GNU Fortran 14.2.0,ATLAS,double,OMP_NUM_THREADS=1,5.0.0,5.0.0,2895884d2be01862173c88d70f86b358d2f1a50a,dd5feaaaa500ba7283140107806300d551cff0a7,36661489286,10.0,raw/reference.outb,raw/linux_gnu_1.outb,official_rtest_reference,GNU/Linux official CI (gfortran-14 + ATLAS),,,,,PtfmRoll,platform,deg,-0.010831783561297758,0.023410586540384973,-0.010831771600974708,0.023410586540384807,1.3436890052009876e-08,3.9240537416390935e-07,6.389090928370991e-07,7.113595953971128e-15,0.01,0.00012589254117941674,True,0.023410586540384973,0.023410586540384807,6.775621522022186e-09,7.875705406336362e-07,0.9999999999997337,,,,,,,,,,,,,,,,,,,,,,,,,,,,,,,,,,
channel,official regression,physical_channel_check,5MW_OC4Jckt_DLL_WTurb_WavesIrr_MGrowth,,,,,gnu_linux_atlas,GNU/Linux official CI (gfortran-14 + ATLAS),Ubuntu 24.04.5 LTS (GitHub Actions),GNU Fortran 14.2.0,ATLAS,double,OMP_NUM_THREADS=1,5.0.0,5.0.0,2895884d2be01862173c88d70f86b358d2f1a50a,dd5feaaaa500ba7283140107806300d551cff0a7,36661489286,10.0,raw/reference.outb,raw/linux_gnu_1.outb,official_rtest_reference,GNU/Linux official CI (gfortran-14 + ATLAS),,,,,PtfmPitch,platform,deg,-0.00043461201953514587,0.160528157409252,-0.00043461201953516013,0.16052815740925191,4.535949990613908e-09,2.8180118959873478e-08,2.0140557053423e-08,5.187048066253309e-16,0.01,0.0012589254117941675,True,0.160528157409252,0.16052815740925191,1.8883253479484796e-09,4.562753342978685e-08,0.9999999999999998,,,,,,,,,,,,,,,,,,,,,,,,,,,,,,,,,,
channel,official regression,physical_channel_check,5MW_OC4Jckt_DLL_WTurb_WavesIrr_MGrowth,,,,,gnu_linux_atlas,GNU/Linux official CI (gfortran-14 + ATLAS),Ubuntu 24.04.5 LTS (GitHub Actions),GNU Fortran 14.2.0,ATLAS,double,OMP_NUM_THREADS=1,5.0.0,5.0.0,2895884d2be01862173c88d70f86b358d2f1a50a,dd5feaaaa500ba7283140107806300d551cff0a7,36661489286,10.0,raw/reference.outb,raw/linux_gnu_1.outb,official_rtest_reference,GNU/Linux official CI (gfortran-14 + ATLAS),,,,,PtfmYaw,platform,deg,-0.019453452436721048,0.013541931105346848,-0.01945344885535343,0.013541931056946642,3.0206835762748574e-08,9.154867293552134e-07,1.2297538174286691e-06,1.8409933305060855e-07,0.01,0.00012589254117941674,True,0.019453452436721048,0.01945344885535343,8.080363932717078e-09,1.2348522817993052e-06,0.9999999999992483,,,,,,,,,,,,,,,,,,,,,,,,,,,,,,,,,,
channel,official regression,physical_channel_check,5MW_OC4Jckt_DLL_WTurb_WavesIrr_MGrowth,,,,,gnu_linux_atlas,GNU/Linux official CI (gfortran-14 + ATLAS),Ubuntu 24.04.5 LTS (GitHub Actions),GNU Fortran 14.2.0,ATLAS,double,OMP_NUM_THREADS=1,5.0.0,5.0.0,2895884d2be01862173c88d70f86b358d2f1a50a,dd5feaaaa500ba7283140107806300d551cff0a7,36661489286,10.0,raw/reference.outb,raw/linux_gnu_1.outb,official_rtest_reference,GNU/Linux official CI (gfortran-14 + ATLAS),,,,,GenPwr,drivetrain_power,kW,3708.2269921495567,5130.441415541177,3708.226992149554,5130.441415541179,0.003574070469767321,6.966399536189452e-07,2.1719315774731662e-07,3.5454832366582693e-16,0.01,12.589254117941675,True,5130.441415541177,5130.441415541179,0.0010048869386696528,2.941039690000097e-06,0.9999999999961552,,,,,,,,,,,,,,,,,,,,,,,,,,,,,,,,,,
channel,official regression,physical_channel_check,5MW_OC4Jckt_DLL_WTurb_WavesIrr_MGrowth,,,,,gnu_linux_atlas,GNU/Linux official CI (gfortran-14 + ATLAS),Ubuntu 24.04.5 LTS (GitHub Actions),GNU Fortran 14.2.0,ATLAS,double,OMP_NUM_THREADS=1,5.0.0,5.0.0,2895884d2be01862173c88d70f86b358d2f1a50a,dd5feaaaa500ba7283140107806300d551cff0a7,36661489286,10.0,raw/reference.outb,raw/linux_gnu_1.outb,official_rtest_reference,GNU/Linux official CI (gfortran-14 + ATLAS),,,,,GenTq,drivetrain_power,kN-m,32.97035546875,43.526628906250004,32.97036328125,43.526628906250004,3.125000000636646e-05,7.179513045605805e-07,2.2530445622939484e-07,0.0,0.01,0.12589254117941676,True,43.526628906250004,43.526628906250004,9.12152143549314e-06,3.3658484024903864e-06,0.9999999999952622,,,,,,,,,,,,,,,,,,,,,,,,,,,,,,,,,,
channel,official regression,physical_channel_check,5MW_OC4Jckt_DLL_WTurb_WavesIrr_MGrowth,,,,,gnu_linux_atlas,GNU/Linux official CI (gfortran-14 + ATLAS),Ubuntu 24.04.5 LTS (GitHub Actions),GNU Fortran 14.2.0,ATLAS,double,OMP_NUM_THREADS=1,5.0.0,5.0.0,2895884d2be01862173c88d70f86b358d2f1a50a,dd5feaaaa500ba7283140107806300d551cff0a7,36661489286,10.0,raw/reference.outb,raw/linux_gnu_1.outb,official_rtest_reference,GNU/Linux official CI (gfortran-14 + ATLAS),,,,,Wave1Elev,wave_hydrodynamics,m,-3.172722339630127,1.5321807861328125,-3.172722339630127,1.5321807861328125,0.0,0.0,0.0,0.0,0.01,0.012589254117941675,True,3.172722339630127,3.172722339630127,0.0,0.0,1.0,,,,,,,,,,,,,,,,,,,,,,,,,,,,,,,,,,
channel,official regression,physical_channel_check,5MW_OC4Jckt_DLL_WTurb_WavesIrr_MGrowth,,,,,gnu_linux_atlas,GNU/Linux official CI (gfortran-14 + ATLAS),Ubuntu 24.04.5 LTS (GitHub Actions),GNU Fortran 14.2.0,ATLAS,double,OMP_NUM_THREADS=1,5.0.0,5.0.0,2895884d2be01862173c88d70f86b358d2f1a50a,dd5feaaaa500ba7283140107806300d551cff0a7,36661489286,10.0,raw/reference.outb,raw/linux_gnu_1.outb,official_rtest_reference,GNU/Linux official CI (gfortran-14 + ATLAS),,,,,HydroFxi,wave_hydrodynamics,N,-685115.6531622938,980684.6797577252,-685115.5907819446,980684.8231487982,0.3483674800954759,2.0912919346390973e-07,2.4783617929493776e-07,1.4621526770291392e-07,0.01,12589.254117941662,True,980684.6797577252,980684.8231487982,0.09194165992668915,2.5781841965565527e-07,0.9999999999999666,,,,,,,,,,,,,,,,,,,,,,,,,,,,,,,,,,
channel,official regression,physical_channel_check,5MW_OC4Jckt_DLL_WTurb_WavesIrr_MGrowth,,,,,gnu_linux_atlas,GNU/Linux official CI (gfortran-14 + ATLAS),Ubuntu 24.04.5 LTS (GitHub Actions),GNU Fortran 14.2.0,ATLAS,double,OMP_NUM_THREADS=1,5.0.0,5.0.0,2895884d2be01862173c88d70f86b358d2f1a50a,dd5feaaaa500ba7283140107806300d551cff0a7,36661489286,10.0,raw/reference.outb,raw/linux_gnu_1.outb,official_rtest_reference,GNU/Linux official CI (gfortran-14 + ATLAS),,,,,HydroFyi,wave_hydrodynamics,N,-283252.8567096511,268915.92247655196,-283252.85670965223,268915.9224765507,0.3114120900427224,5.639798948822993e-07,1.5242518406210797e-06,3.9044462612058745e-15,0.01,1258.9254117941675,True,283252.8567096511,283252.85670965223,0.11845976404876182,1.5242611433548707e-06,0.9999999999988829,,,,,,,,,,,,,,,,,,,,,,,,,,,,,,,,,,
channel,official regression,physical_channel_check,5MW_OC4Jckt_DLL_WTurb_WavesIrr_MGrowth,,,,,gnu_linux_atlas,GNU/Linux official CI (gfortran-14 + ATLAS),Ubuntu 24.04.5 LTS (GitHub Actions),GNU Fortran 14.2.0,ATLAS,double,OMP_NUM_THREADS=1,5.0.0,5.0.0,2895884d2be01862173c88d70f86b358d2f1a50a,dd5feaaaa500ba7283140107806300d551cff0a7,36661489286,10.0,raw/reference.outb,raw/linux_gnu_1.outb,official_rtest_reference,GNU/Linux official CI (gfortran-14 + ATLAS),,,,,HydroFzi,wave_hydrodynamics,N,2013538.3577413121,2365360.9757349393,2013538.3579309264,2365360.976048446,0.0026882225647568703,1.1364956944559444e-09,3.2477025079153723e-10,1.3254064174392076e-10,0.01,1258.9254117941675,True,2365360.9757349393,2365360.976048446,0.0006987005517047726,5.850564808845795e-09,0.9999999999999998,,,,,,,,,,,,,,,,,,,,,,,,,,,,,,,,,,
channel,official regression,physical_channel_check,5MW_OC4Jckt_DLL_WTurb_WavesIrr_MGrowth,,,,,gnu_linux_atlas,GNU/Linux official CI (gfortran-14 + ATLAS),Ubuntu 24.04.5 LTS (GitHub Actions),GNU Fortran 14.2.0,ATLAS,double,OMP_NUM_THREADS=1,5.0.0,5.0.0,2895884d2be01862173c88d70f86b358d2f1a50a,dd5feaaaa500ba7283140107806300d551cff0a7,36661489286,10.0,raw/reference.outb,raw/linux_gnu_1.outb,official_rtest_reference,GNU/Linux official CI (gfortran-14 + ATLAS),,,,,HydroMxi,wave_hydrodynamics,N-m,-4874461.383175151,4976056.638586554,-4888089.602023255,4979912.322837138,16692.67261001491,0.001694598453922683,0.005444080826085805,0.0007748473400976154,0.01,12589.254117941662,True,4976056.638586554,4979912.322837138,7645.192933359936,0.005444107802308043,0.9999899108452067,,,,,,,,,,,,,,,,,,,,,,,,,,,,,,,,,,
channel,official regression,physical_channel_check,5MW_OC4Jckt_DLL_WTurb_WavesIrr_MGrowth,,,,,gnu_linux_atlas,GNU/Linux official CI (gfortran-14 + ATLAS),Ubuntu 24.04.5 LTS (GitHub Actions),GNU Fortran 14.2.0,ATLAS,double,OMP_NUM_THREADS=1,5.0.0,5.0.0,2895884d2be01862173c88d70f86b358d2f1a50a,dd5feaaaa500ba7283140107806300d551cff0a7,36661489286,10.0,raw/reference.outb,raw/linux_gnu_1.outb,official_rtest_reference,GNU/Linux official CI (gfortran-14 + ATLAS),,,,,HydroMyi,wave_hydrodynamics,N-m,-17744274.01797709,12634307.35886628,-17809969.126922365,12632323.653177856,79065.07477558916,0.0026026585571852267,0.006093651194776784,0.0037023272340541815,0.01,125892.54117941661,True,17744274.01797709,17809969.126922365,42635.18755327138,0.006186200579163029,0.9999955368416449,,,,,,,,,,,,,,,,,,,,,,,,,,,,,,,,,,
channel,official regression,physical_channel_check,5MW_OC4Jckt_DLL_WTurb_WavesIrr_MGrowth,,,,,gnu_linux_atlas,GNU/Linux official CI (gfortran-14 + ATLAS),Ubuntu 24.04.5 LTS (GitHub Actions),GNU Fortran 14.2.0,ATLAS,double,OMP_NUM_THREADS=1,5.0.0,5.0.0,2895884d2be01862173c88d70f86b358d2f1a50a,dd5feaaaa500ba7283140107806300d551cff0a7,36661489286,10.0,raw/reference.outb,raw/linux_gnu_1.outb,official_rtest_reference,GNU/Linux official CI (gfortran-14 + ATLAS),,,,,HydroMzi,wave_hydrodynamics,N-m,-1242812.7211222358,1066475.8551779888,-1242001.4989991873,1066428.4832581903,8792.11888046976,0.003807284620337861,0.004134596752929695,0.000652730784985837,0.01,12589.254117941662,True,1242812.7211222358,1242001.4989991873,2042.3252989556522,0.004134742730910455,0.9999916140212819,,,,,,,,,,,,,,,,,,,,,,,,,,,,,,,,,,
channel,official regression,physical_channel_check,5MW_OC4Jckt_DLL_WTurb_WavesIrr_MGrowth,,,,,gnu_linux_atlas,GNU/Linux official CI (gfortran-14 + ATLAS),Ubuntu 24.04.5 LTS (GitHub Actions),GNU Fortran 14.2.0,ATLAS,double,OMP_NUM_THREADS=1,5.0.0,5.0.0,2895884d2be01862173c88d70f86b358d2f1a50a,dd5feaaaa500ba7283140107806300d551cff0a7,36661489286,10.0,raw/reference.outb,raw/linux_gnu_1.outb,official_rtest_reference,GNU/Linux official CI (gfortran-14 + ATLAS),,,,,M1N1FKZe,substructure_internal,N,-3624994.9852417703,4102052.405200874,-3624994.985241763,4102052.405200863,0.49795345356687903,6.444291440256765e-08,1.0283816492863271e-07,2.724458342174317e-15,0.01,12589.254117941662,True,4102052.405200874,4102052.405200863,0.20436009891575296,1.0470601267698419e-07,0.9999999999999947,,,,,,,,,,,,,,,,,,,,,,,,,,,,,,,,,,
channel,official regression,physical_channel_check,5MW_OC4Jckt_DLL_WTurb_WavesIrr_MGrowth,,,,,gnu_linux_atlas,GNU/Linux official CI (gfortran-14 + ATLAS),Ubuntu 24.04.5 LTS (GitHub Actions),GNU Fortran 14.2.0,ATLAS,double,OMP_NUM_THREADS=1,5.0.0,5.0.0,2895884d2be01862173c88d70f86b358d2f1a50a,dd5feaaaa500ba7283140107806300d551cff0a7,36661489286,10.0,raw/reference.outb,raw/linux_gnu_1.outb,official_rtest_reference,GNU/Linux official CI (gfortran-14 + ATLAS),,,,,M2N1FKZe,substructure_internal,N,-10797437.60131226,-3072686.3038547663,-10797437.60131223,-3072686.3038547738,0.503725865855813,4.6652352572483774e-08,2.789833038266041e-08,2.7601291610218063e-15,0.01,12589.254117941662,True,10797437.60131226,10797437.60131223,0.20502748403464,1.0488178123569401e-07,0.9999999999999946,,,,,,,,,,,,,,,,,,,,,,,,,,,,,,,,,,
channel,official regression,physical_channel_check,5MW_OC4Jckt_DLL_WTurb_WavesIrr_MGrowth,,,,,gnu_linux_atlas,GNU/Linux official CI (gfortran-14 + ATLAS),Ubuntu 24.04.5 LTS (GitHub Actions),GNU Fortran 14.2.0,ATLAS,double,OMP_NUM_THREADS=1,5.0.0,5.0.0,2895884d2be01862173c88d70f86b358d2f1a50a,dd5feaaaa500ba7283140107806300d551cff0a7,36661489286,10.0,raw/reference.outb,raw/linux_gnu_1.outb,official_rtest_reference,GNU/Linux official CI (gfortran-14 + ATLAS),,,,,M3N1TDXss,substructure_internal,m,-0.0012829683541283803,0.03871917691941197,-0.0012829683541283688,0.03871917691941188,1.994126313728528e-09,4.985048427009124e-08,3.163843782998469e-08,2.3297401424245958e-15,0.01,0.00012589254117941674,True,0.03871917691941197,0.03871917691941188,6.555705206750645e-10,6.252988866735899e-08,0.9999999999999987,,,,,,,,,,,,,,,,,,,,,,,,,,,,,,,,,,
channel,official regression,physical_channel_check,5MW_OC4Jckt_DLL_WTurb_WavesIrr_MGrowth,,,,,gnu_linux_atlas,GNU/Linux official CI (gfortran-14 + ATLAS),Ubuntu 24.04.5 LTS (GitHub Actions),GNU Fortran 14.2.0,ATLAS,double,OMP_NUM_THREADS=1,5.0.0,5.0.0,2895884d2be01862173c88d70f86b358d2f1a50a,dd5feaaaa500ba7283140107806300d551cff0a7,36661489286,10.0,raw/reference.outb,raw/linux_gnu_1.outb,official_rtest_reference,GNU/Linux official CI (gfortran-14 + ATLAS),,,,,M3N1TDYss,substructure_internal,m,-0.007355601564112088,0.005420443885673995,-0.007355595009149494,0.005420437764156939,8.557467818777822e-09,6.698056806710175e-07,1.2856207491763806e-06,8.911524824201971e-07,0.01,0.00012589254117941674,True,0.007355601564112088,0.007355595009149494,4.131214387060213e-09,1.3545461636416541e-06,0.9999999999993023,,,,,,,,,,,,,,,,,,,,,,,,,,,,,,,,,,
channel,official regression,physical_channel_check,5MW_OC4Jckt_DLL_WTurb_WavesIrr_MGrowth,,,,,gnu_linux_atlas,GNU/Linux official CI (gfortran-14 + ATLAS),Ubuntu 24.04.5 LTS (GitHub Actions),GNU Fortran 14.2.0,ATLAS,double,OMP_NUM_THREADS=1,5.0.0,5.0.0,2895884d2be01862173c88d70f86b358d2f1a50a,dd5feaaaa500ba7283140107806300d551cff0a7,36661489286,10.0,raw/reference.outb,raw/linux_gnu_1.outb,official_rtest_reference,GNU/Linux official CI (gfortran-14 + ATLAS),,,,,M3N1TDZss,substructure_internal,m,-0.004930165477112508,0.0033904706347619934,-0.0049301654771125095,0.003390470634761982,2.642954160646943e-10,3.176384744040356e-08,4.7444464192472005e-08,3.518590773534842e-16,0.01,1.2589254117941661e-05,True,0.004930165477112508,0.0049301654771125095,1.0725696116549378e-10,4.9341230724785525e-08,0.999999999999999,,,,,,,,,,,,,,,,,,,,,,,,,,,,,,,,,,
channel,official regression,physical_channel_check,5MW_OC4Jckt_DLL_WTurb_WavesIrr_MGrowth,,,,,gnu_linux_atlas,GNU/Linux official CI (gfortran-14 + ATLAS),Ubuntu 24.04.5 LTS (GitHub Actions),GNU Fortran 14.2.0,ATLAS,double,OMP_NUM_THREADS=1,5.0.0,5.0.0,2895884d2be01862173c88d70f86b358d2f1a50a,dd5feaaaa500ba7283140107806300d551cff0a7,36661489286,10.0,raw/reference.outb,raw/linux_gnu_1.outb,official_rtest_reference,GNU/Linux official CI (gfortran-14 + ATLAS),,,,,M4N1TDXss,substructure_internal,m,2.134941506650115e-05,0.03791760410544392,2.1349415066511938e-05,0.037917604105443814,2.737060793289725e-09,7.218443406071533e-08,3.7150574527188604e-08,2.7449890628417876e-15,0.01,0.00012589254117941674,True,0.03791760410544392,0.037917604105443814,7.783159504509665e-10,7.728747362490608e-08,0.9999999999999972,,,,,,,,,,,,,,,,,,,,,,,,,,,,,,,,,,
channel,official regression,physical_channel_check,5MW_OC4Jckt_DLL_WTurb_WavesIrr_MGrowth,,,,,gnu_linux_atlas,GNU/Linux official CI (gfortran-14 + ATLAS),Ubuntu 24.04.5 LTS (GitHub Actions),GNU Fortran 14.2.0,ATLAS,double,OMP_NUM_THREADS=1,5.0.0,5.0.0,2895884d2be01862173c88d70f86b358d2f1a50a,dd5feaaaa500ba7283140107806300d551cff0a7,36661489286,10.0,raw/reference.outb,raw/linux_gnu_1.outb,official_rtest_reference,GNU/Linux official CI (gfortran-14 + ATLAS),,,,,M4N1TDYss,substructure_internal,m,-0.00850044043842249,0.004492091859418016,-0.008500440438422454,0.0044920854794973574,9.002521318690615e-09,6.928996682337998e-07,1.0722110215103233e-06,4.2855653491613036e-15,0.01,0.00012589254117941674,True,0.00850044043842249,0.008500440438422454,4.22449144871332e-09,1.3626966878324138e-06,0.9999999999993089,,,,,,,,,,,,,,,,,,,,,,,,,,,,,,,,,,
channel,official regression,physical_channel_check,5MW_OC4Jckt_DLL_WTurb_WavesIrr_MGrowth,,,,,gnu_linux_atlas,GNU/Linux official CI (gfortran-14 + ATLAS),Ubuntu 24.04.5 LTS (GitHub Actions),GNU Fortran 14.2.0,ATLAS,double,OMP_NUM_THREADS=1,5.0.0,5.0.0,2895884d2be01862173c88d70f86b358d2f1a50a,dd5feaaaa500ba7283140107806300d551cff0a7,36661489286,10.0,raw/reference.outb,raw/linux_gnu_1.outb,official_rtest_reference,GNU/Linux official CI (gfortran-14 + ATLAS),,,,,M4N1TDZss,substructure_internal,m,-0.006260444574296202,-0.004128008531644695,-0.006260444574296194,-0.0041280094987956595,1.12024396096283e-09,1.789400014117636e-07,1.018522314643045e-07,1.2469171397101953e-15,0.01,1.2589254117941661e-05,True,0.006260444574296202,0.006260444574296194,5.328688324076959e-10,1.0293731888019625e-06,0.9999999999995667,,,,,,,,,,,,,,,,,,,,,,,,,,,,,,,,,,
channel,official regression,physical_channel_check,5MW_OC4Jckt_DLL_WTurb_WavesIrr_MGrowth,,,,,gnu_linux_atlas,GNU/Linux official CI (gfortran-14 + ATLAS),Ubuntu 24.04.5 LTS (GitHub Actions),GNU Fortran 14.2.0,ATLAS,double,OMP_NUM_THREADS=1,5.0.0,5.0.0,2895884d2be01862173c88d70f86b358d2f1a50a,dd5feaaaa500ba7283140107806300d551cff0a7,36661489286,10.0,raw/reference.outb,raw/linux_gnu_1.outb,official_rtest_reference,GNU/Linux official CI (gfortran-14 + ATLAS),,,,,M5N2TDXss,substructure_internal,m,-0.0026743531039401733,0.004480055068835119,-0.0026743526589054502,0.004480053987305948,4.07357051215862e-09,5.693791035937535e-07,6.221058027402866e-07,2.414097939179335e-07,0.01,1.2589254117941661e-05,True,0.004480055068835119,0.004480053987305948,1.0952486221073602e-09,7.221970776638453e-07,0.9999999999997394,,,,,,,,,,,,,,,,,,,,,,,,,,,,,,,,,,
channel,official regression,physical_channel_check,5MW_OC4Jckt_DLL_WTurb_WavesIrr_MGrowth,,,,,gnu_linux_atlas,GNU/Linux official CI (gfortran-14 + ATLAS),Ubuntu 24.04.5 LTS (GitHub Actions),GNU Fortran 14.2.0,ATLAS,double,OMP_NUM_THREADS=1,5.0.0,5.0.0,2895884d2be01862173c88d70f86b358d2f1a50a,dd5feaaaa500ba7283140107806300d551cff0a7,36661489286,10.0,raw/reference.outb,raw/linux_gnu_1.outb,official_rtest_reference,GNU/Linux official CI (gfortran-14 + ATLAS),,,,,M5N2TDYss,substructure_internal,m,-0.0010716361980965955,0.0008234450684909948,-0.0010716358089458676,0.000823444416857334,1.9464389001538083e-09,1.0271004913993456e-06,1.598797571878448e-06,3.6313697559781536e-07,0.01,1.2589254117941661e-05,True,0.0010716361980965955,0.0010716358089458676,6.766550237552824e-10,1.5989456252430437e-06,0.999999999998989,,,,,,,,,,,,,,,,,,,,,,,,,,,,,,,,,,
channel,official regression,physical_channel_check,5MW_OC4Jckt_DLL_WTurb_WavesIrr_MGrowth,,,,,gnu_linux_atlas,GNU/Linux official CI (gfortran-14 + ATLAS),Ubuntu 24.04.5 LTS (GitHub Actions),GNU Fortran 14.2.0,ATLAS,double,OMP_NUM_THREADS=1,5.0.0,5.0.0,2895884d2be01862173c88d70f86b358d2f1a50a,dd5feaaaa500ba7283140107806300d551cff0a7,36661489286,10.0,raw/reference.outb,raw/linux_gnu_1.outb,official_rtest_reference,GNU/Linux official CI (gfortran-14 + ATLAS),,,,,M5N2TDZss,substructure_internal,m,-0.0007143341853714606,0.00035058799718386854,-0.0007143341853714606,0.0003505879971838662,1.5420852431374116e-10,1.4480731722923715e-07,1.2578561342099474e-07,0.0,0.01,1.2589254117941661e-05,True,0.0007143341853714606,0.0007143341853714606,4.0849137085593224e-11,1.52400657850372e-07,0.9999999999999891,,,,,,,,,,,,,,,,,,,,,,,,,,,,,,,,,,
channel,official regression,physical_channel_check,5MW_OC4Jckt_DLL_WTurb_WavesIrr_MGrowth,,,,,gnu_linux_atlas,GNU/Linux official CI (gfortran-14 + ATLAS),Ubuntu 24.04.5 LTS (GitHub Actions),GNU Fortran 14.2.0,ATLAS,double,OMP_NUM_THREADS=1,5.0.0,5.0.0,2895884d2be01862173c88d70f86b358d2f1a50a,dd5feaaaa500ba7283140107806300d551cff0a7,36661489286,10.0,raw/reference.outb,raw/linux_gnu_1.outb,official_rtest_reference,GNU/Linux official CI (gfortran-14 + ATLAS),,,,,M6N2TDXss,substructure_internal,m,-0.0011017534660887193,0.0025857205699814723,-0.001101753626439737,0.0025857206943185745,1.1331627660943894e-09,3.07300540969238e-07,2.3175531342474438e-07,4.80860552719994e-08,0.01,1.2589254117941661e-05,True,0.0025857205699814723,0.0025857206943185745,2.624818794343704e-10,3.200730569829758e-07,0.999999999999949,,,,,,,,,,,,,,,,,,,,,,,,,,,,,,,,,,
channel,official regression,physical_channel_check,5MW_OC4Jckt_DLL_WTurb_WavesIrr_MGrowth,,,,,gnu_linux_atlas,GNU/Linux official CI (gfortran-14 + ATLAS),Ubuntu 24.04.5 LTS (GitHub Actions),GNU Fortran 14.2.0,ATLAS,double,OMP_NUM_THREADS=1,5.0.0,5.0.0,2895884d2be01862173c88d70f86b358d2f1a50a,dd5feaaaa500ba7283140107806300d551cff0a7,36661489286,10.0,raw/reference.outb,raw/linux_gnu_1.outb,official_rtest_reference,GNU/Linux official CI (gfortran-14 + ATLAS),,,,,M6N2TDYss,substructure_internal,m,-0.002429345228566554,0.0006417842264890295,-0.0024293439250791258,0.0006417842264890449,2.1291018121715605e-09,6.932634535046085e-07,7.768647149190846e-07,5.365591571383616e-07,0.01,1.2589254117941661e-05,True,0.002429345228566554,0.0024293439250791258,9.352383051695017e-10,1.504965660917312e-06,0.9999999999990987,,,,,,,,,,,,,,,,,,,,,,,,,,,,,,,,,,
channel,official regression,physical_channel_check,5MW_OC4Jckt_DLL_WTurb_WavesIrr_MGrowth,,,,,gnu_linux_atlas,GNU/Linux official CI (gfortran-14 + ATLAS),Ubuntu 24.04.5 LTS (GitHub Actions),GNU Fortran 14.2.0,ATLAS,double,OMP_NUM_THREADS=1,5.0.0,5.0.0,2895884d2be01862173c88d70f86b358d2f1a50a,dd5feaaaa500ba7283140107806300d551cff0a7,36661489286,10.0,raw/reference.outb,raw/linux_gnu_1.outb,official_rtest_reference,GNU/Linux official CI (gfortran-14 + ATLAS),,,,,M6N2TDZss,substructure_internal,m,-0.0008904513723362092,-0.0005603941885081524,-0.0008904513723362087,-0.0005603943447326595,2.2194473841240236e-10,2.492497011151804e-07,1.304962744629198e-07,4.870348707042659e-16,0.01,1.2589254117941661e-06,True,0.0008904513723362092,0.0008904513723362087,9.609236692805309e-11,1.2809931820150837e-06,0.9999999999993745,,,,,,,,,,,,,,,,,,,,,,,,,,,,,,,,,,
channel,official regression,physical_channel_check,5MW_OC4Jckt_DLL_WTurb_WavesIrr_MGrowth,,,,,gnu_linux_atlas,GNU/Linux official CI (gfortran-14 + ATLAS),Ubuntu 24.04.5 LTS (GitHub Actions),GNU Fortran 14.2.0,ATLAS,double,OMP_NUM_THREADS=1,5.0.0,5.0.0,2895884d2be01862173c88d70f86b358d2f1a50a,dd5feaaaa500ba7283140107806300d551cff0a7,36661489286,10.0,raw/reference.outb,raw/linux_gnu_1.outb,official_rtest_reference,GNU/Linux official CI (gfortran-14 + ATLAS),,,,,M5N1FKXe,substructure_internal,N,-10022.533588992146,6750.960442784049,-10022.52424188227,6750.9575839484405,0.02092457423441374,1.2474785631886607e-06,1.6642636859258788e-06,9.326094836512295e-07,0.01,125.89254117941675,True,10022.533588992146,10022.52424188227,0.006044573759878899,1.6981385537905355e-06,0.9999999999985707,,,,,,,,,,,,,,,,,,,,,,,,,,,,,,,,,,
channel,official regression,physical_channel_check,5MW_OC4Jckt_DLL_WTurb_WavesIrr_MGrowth,,,,,gnu_linux_atlas,GNU/Linux official CI (gfortran-14 + ATLAS),Ubuntu 24.04.5 LTS (GitHub Actions),GNU Fortran 14.2.0,ATLAS,double,OMP_NUM_THREADS=1,5.0.0,5.0.0,2895884d2be01862173c88d70f86b358d2f1a50a,dd5feaaaa500ba7283140107806300d551cff0a7,36661489286,10.0,raw/reference.outb,raw/linux_gnu_1.outb,official_rtest_reference,GNU/Linux official CI (gfortran-14 + ATLAS),,,,,M5N1FKYe,substructure_internal,N,-31827.71052803579,-20565.31345949776,-31827.710528035816,-20565.313459497775,0.0037590300489682704,1.1810557487812663e-07,5.595826881330564e-08,8.001157239132898e-16,0.01,125.89254117941675,True,31827.71052803579,31827.710528035816,0.0014752676077849592,5.869717284221235e-07,0.9999999999998286,,,,,,,,,,,,,,,,,,,,,,,,,,,,,,,,,,
channel,official regression,physical_channel_check,5MW_OC4Jckt_DLL_WTurb_WavesIrr_MGrowth,,,,,gnu_linux_atlas,GNU/Linux official CI (gfortran-14 + ATLAS),Ubuntu 24.04.5 LTS (GitHub Actions),GNU Fortran 14.2.0,ATLAS,double,OMP_NUM_THREADS=1,5.0.0,5.0.0,2895884d2be01862173c88d70f86b358d2f1a50a,dd5feaaaa500ba7283140107806300d551cff0a7,36661489286,10.0,raw/reference.outb,raw/linux_gnu_1.outb,official_rtest_reference,GNU/Linux official CI (gfortran-14 + ATLAS),,,,,M5N1FKZe,substructure_internal,N,-471001.8176525013,142999.51490427827,-471001.81765249884,142999.29228277688,0.557085663836915,9.073036723180056e-07,8.329237834911375e-07,5.190472025246649e-15,0.01,1258.9254117941675,True,471001.8176525013,471001.81765249884,0.18216998619081862,1.3108515098461507e-06,0.9999999999991909,,,,,,,,,,,,,,,,,,,,,,,,,,,,,,,,,,
channel,official regression,physical_channel_check,5MW_OC4Jckt_DLL_WTurb_WavesIrr_MGrowth,,,,,gnu_linux_atlas,GNU/Linux official CI (gfortran-14 + ATLAS),Ubuntu 24.04.5 LTS (GitHub Actions),GNU Fortran 14.2.0,ATLAS,double,OMP_NUM_THREADS=1,5.0.0,5.0.0,2895884d2be01862173c88d70f86b358d2f1a50a,dd5feaaaa500ba7283140107806300d551cff0a7,36661489286,10.0,raw/reference.outb,raw/linux_gnu_1.outb,official_rtest_reference,GNU/Linux official CI (gfortran-14 + ATLAS),,,,,M6N1FKXe,substructure_internal,N,-6634.085047098906,4021.6879202426067,-6634.085047098943,4021.687920242564,0.004422041283760336,4.14990193326499e-07,8.671104448362586e-07,5.483768720575274e-15,0.01,125.89254117941675,True,6634.085047098906,6634.085047098943,0.0016059369358444565,9.428915507039917e-07,0.9999999999995682,,,,,,,,,,,,,,,,,,,,,,,,,,,,,,,,,,
channel,official regression,physical_channel_check,5MW_OC4Jckt_DLL_WTurb_WavesIrr_MGrowth,,,,,gnu_linux_atlas,GNU/Linux official CI (gfortran-14 + ATLAS),Ubuntu 24.04.5 LTS (GitHub Actions),GNU Fortran 14.2.0,ATLAS,double,OMP_NUM_THREADS=1,5.0.0,5.0.0,2895884d2be01862173c88d70f86b358d2f1a50a,dd5feaaaa500ba7283140107806300d551cff0a7,36661489286,10.0,raw/reference.outb,raw/linux_gnu_1.outb,official_rtest_reference,GNU/Linux official CI (gfortran-14 + ATLAS),,,,,M6N1FKYe,substructure_internal,N,-9558.87035823871,2820.430330232426,-9558.87035823866,2820.4299087260442,0.0036480902426774264,2.946927564393762e-07,2.452183920940188e-07,5.137920282955641e-15,0.01,125.89254117941675,True,9558.87035823871,9558.87035823866,0.0010755267321829309,3.624676515319007e-07,0.9999999999999363,,,,,,,,,,,,,,,,,,,,,,,,,,,,,,,,,,
channel,official regression,physical_channel_check,5MW_OC4Jckt_DLL_WTurb_WavesIrr_MGrowth,,,,,gnu_linux_atlas,GNU/Linux official CI (gfortran-14 + ATLAS),Ubuntu 24.04.5 LTS (GitHub Actions),GNU Fortran 14.2.0,ATLAS,double,OMP_NUM_THREADS=1,5.0.0,5.0.0,2895884d2be01862173c88d70f86b358d2f1a50a,dd5feaaaa500ba7283140107806300d551cff0a7,36661489286,10.0,raw/reference.outb,raw/linux_gnu_1.outb,official_rtest_reference,GNU/Linux official CI (gfortran-14 + ATLAS),,,,,M6N1FKZe,substructure_internal,N,-736365.0617512352,228706.48808984744,-736365.0796310818,228706.43982480356,0.32166270961170085,3.3330451992359396e-07,2.4390410721486513e-07,2.4281226189240885e-08,0.01,1258.9254117941675,True,736365.0617512352,736365.0796310818,0.08330312601923535,4.339629860259565e-07,0.9999999999999086,,,,,,,,,,,,,,,,,,,,,,,,,,,,,,,,,,
channel,official regression,physical_channel_check,5MW_OC4Jckt_DLL_WTurb_WavesIrr_MGrowth,,,,,gnu_linux_atlas,GNU/Linux official CI (gfortran-14 + ATLAS),Ubuntu 24.04.5 LTS (GitHub Actions),GNU Fortran 14.2.0,ATLAS,double,OMP_NUM_THREADS=1,5.0.0,5.0.0,2895884d2be01862173c88d70f86b358d2f1a50a,dd5feaaaa500ba7283140107806300d551cff0a7,36661489286,10.0,raw/reference.outb,raw/linux_gnu_1.outb,official_rtest_reference,GNU/Linux official CI (gfortran-14 + ATLAS),,,,,M7N1FKZe,substructure_internal,N,-4294329.675264399,4835038.164965051,-4294329.675264395,4835038.164965043,1.709162310231477,1.872158445297698e-07,3.6044493474949903e-07,1.7335753898025111e-15,0.01,12589.254117941662,True,4835038.164965051,4835038.164965043,0.8490555246986788,3.6152632405589474e-07,0.9999999999999345,,,,,,,,,,,,,,,,,,,,,,,,,,,,,,,,,,
channel,official regression,physical_channel_check,5MW_OC4Jckt_DLL_WTurb_WavesIrr_MGrowth,,,,,gnu_linux_atlas,GNU/Linux official CI (gfortran-14 + ATLAS),Ubuntu 24.04.5 LTS (GitHub Actions),GNU Fortran 14.2.0,ATLAS,double,OMP_NUM_THREADS=1,5.0.0,5.0.0,2895884d2be01862173c88d70f86b358d2f1a50a,dd5feaaaa500ba7283140107806300d551cff0a7,36661489286,10.0,raw/reference.outb,raw/linux_gnu_1.outb,official_rtest_reference,GNU/Linux official CI (gfortran-14 + ATLAS),,,,,M8N1FKZe,substructure_internal,N,-12475282.290902073,-3344988.730368311,-12475282.290902065,-3344988.730368316,1.7243687883019447,1.3822282719481915e-07,1.0477638246595503e-07,5.972274152351133e-16,0.01,12589.254117941662,True,12475282.290902073,12475282.290902065,0.8496061860060421,3.6131170676691024e-07,0.9999999999999346,,,,,,,,,,,,,,,,,,,,,,,,,,,,,,,,,,
channel,official regression,physical_channel_check,5MW_OC4Jckt_DLL_WTurb_WavesIrr_MGrowth,,,,,gnu_linux_atlas,GNU/Linux official CI (gfortran-14 + ATLAS),Ubuntu 24.04.5 LTS (GitHub Actions),GNU Fortran 14.2.0,ATLAS,double,OMP_NUM_THREADS=1,5.0.0,5.0.0,2895884d2be01862173c88d70f86b358d2f1a50a,dd5feaaaa500ba7283140107806300d551cff0a7,36661489286,10.0,raw/reference.outb,raw/linux_gnu_1.outb,official_rtest_reference,GNU/Linux official CI (gfortran-14 + ATLAS),,,,,-ReactFXss,substructure_internal,N,-643143.6617967192,1848672.4338990021,-643143.7127786549,1848672.6844889934,0.501375321764499,2.012087981254145e-07,1.3720752092887563e-07,1.3555132138401043e-07,0.01,12589.254117941662,True,1848672.4338990021,1848672.6844889934,0.11058835143423758,1.956297258122831e-07,0.9999999999999811,,,,,,,,,,,,,,,,,,,,,,,,,,,,,,,,,,
channel,official regression,physical_channel_check,5MW_OC4Jckt_DLL_WTurb_WavesIrr_MGrowth,,,,,gnu_linux_atlas,GNU/Linux official CI (gfortran-14 + ATLAS),Ubuntu 24.04.5 LTS (GitHub Actions),GNU Fortran 14.2.0,ATLAS,double,OMP_NUM_THREADS=1,5.0.0,5.0.0,2895884d2be01862173c88d70f86b358d2f1a50a,dd5feaaaa500ba7283140107806300d551cff0a7,36661489286,10.0,raw/reference.outb,raw/linux_gnu_1.outb,official_rtest_reference,GNU/Linux official CI (gfortran-14 + ATLAS),,,,,-ReactFYss,substructure_internal,N,-615470.7906891097,584812.373608614,-615470.7906891111,584811.8257800853,0.9058621247240808,7.547070155350331e-07,1.6316790307841477e-06,2.2697809271486136e-15,0.01,12589.254117941662,True,615470.7906891097,615470.7906891111,0.43377170323956366,1.632245193051851e-06,0.9999999999990472,,,,,,,,,,,,,,,,,,,,,,,,,,,,,,,,,,
channel,official regression,physical_channel_check,5MW_OC4Jckt_DLL_WTurb_WavesIrr_MGrowth,,,,,gnu_linux_atlas,GNU/Linux official CI (gfortran-14 + ATLAS),Ubuntu 24.04.5 LTS (GitHub Actions),GNU Fortran 14.2.0,ATLAS,double,OMP_NUM_THREADS=1,5.0.0,5.0.0,2895884d2be01862173c88d70f86b358d2f1a50a,dd5feaaaa500ba7283140107806300d551cff0a7,36661489286,10.0,raw/reference.outb,raw/linux_gnu_1.outb,official_rtest_reference,GNU/Linux official CI (gfortran-14 + ATLAS),,,,,-ReactMXss,substructure_internal,N*m,-29982575.089801528,36108249.44683033,-29982543.339288253,36108249.446830176,45.99773131869733,6.95977567857432e-07,1.3145994253430208e-06,4.333142562499247e-15,0.01,125892.54117941661,True,36108249.44683033,36108249.446830176,21.786504522733207,1.3871352907312623e-06,0.9999999999992869,,,,,,,,,,,,,,,,,,,,,,,,,,,,,,,,,,
channel,official regression,physical_channel_check,5MW_OC4Jckt_DLL_WTurb_WavesIrr_MGrowth,,,,,gnu_linux_atlas,GNU/Linux official CI (gfortran-14 + ATLAS),Ubuntu 24.04.5 LTS (GitHub Actions),GNU Fortran 14.2.0,ATLAS,double,OMP_NUM_THREADS=1,5.0.0,5.0.0,2895884d2be01862173c88d70f86b358d2f1a50a,dd5feaaaa500ba7283140107806300d551cff0a7,36661489286,10.0,raw/reference.outb,raw/linux_gnu_1.outb,official_rtest_reference,GNU/Linux official CI (gfortran-14 + ATLAS),,,,,-ReactMYss,substructure_internal,N*m,-3620.2605181764666,197324048.41871995,-3620.2605181192484,197324048.4187196,12.261626809835434,6.213840609330396e-08,3.2028579952120986e-08,1.812388664829441e-15,0.01,1258925.411794166,True,197324048.41871995,197324048.4187196,3.4131346477723477,6.624455469256057e-08,0.9999999999999981,,,,,,,,,,,,,,,,,,,,,,,,,,,,,,,,,,
channel,official regression,physical_channel_check,5MW_OC4Jckt_DLL_WTurb_WavesIrr_MGrowth,,,,,gnu_linux_atlas,GNU/Linux official CI (gfortran-14 + ATLAS),Ubuntu 24.04.5 LTS (GitHub Actions),GNU Fortran 14.2.0,ATLAS,double,OMP_NUM_THREADS=1,5.0.0,5.0.0,2895884d2be01862173c88d70f86b358d2f1a50a,dd5feaaaa500ba7283140107806300d551cff0a7,36661489286,10.0,raw/reference.outb,raw/linux_gnu_1.outb,official_rtest_reference,GNU/Linux official CI (gfortran-14 + ATLAS),,,,,-ReactMZss,substructure_internal,N*m,-4015772.0984351095,2776385.824081636,-4015769.67028971,2776385.888474868,8.737797366542509,1.2864537995466443e-06,1.5233270859256907e-06,6.046521913590066e-07,0.01,12589.254117941662,True,4015772.0984351095,4015769.67028971,2.0181895366353717,1.5265044377883162e-06,0.9999999999988479,,,,,,,,,,,,,,,,,,,,,,,,,,,,,,,,,,
channel,official regression,physical_channel_check,5MW_OC4Jckt_DLL_WTurb_WavesIrr_MGrowth,,,,,gnu_linux_atlas,GNU/Linux official CI (gfortran-14 + ATLAS),Ubuntu 24.04.5 LTS (GitHub Actions),GNU Fortran 14.2.0,ATLAS,double,OMP_NUM_THREADS=1,5.0.0,5.0.0,2895884d2be01862173c88d70f86b358d2f1a50a,dd5feaaaa500ba7283140107806300d551cff0a7,36661489286,10.0,raw/reference.outb,raw/linux_gnu_1.outb,official_rtest_reference,GNU/Linux official CI (gfortran-14 + ATLAS),,,,,-ReactFZss,substructure_internal,N,-16859809.0473659,-16365079.422843315,-16859809.047365908,-16365079.40982027,0.04402369633316994,2.6111622147967327e-09,8.633845508093605e-10,4.4191369997087086e-16,0.01,1258.9254117941675,True,16859809.0473659,16859809.047365908,0.014333531697765885,1.109979458211252e-07,0.9999999999999938,,,,,,,,,,,,,,,,,,,,,,,,,,,,,,,,,,
repeatability,three-run determinism,repeatability_check,5MW_OC4Jckt_DLL_WTurb_WavesIrr_MGrowth,,,,,gnu_linux_atlas,GNU/Linux official CI (gfortran-14 + ATLAS),Ubuntu 24.04.5 LTS (GitHub Actions),GNU Fortran 14.2.0,ATLAS,double,OMP_NUM_THREADS=1,5.0.0,5.0.0,2895884d2be01862173c88d70f86b358d2f1a50a,dd5feaaaa500ba7283140107806300d551cff0a7,36661489286,10.0,,raw/linux_gnu_1.outb; raw/linux_gnu_2.outb; raw/linux_gnu_3.outb,official_rtest_reference,GNU/Linux official CI (gfortran-14 + ATLAS),,,,,,,,,,,,,,,,,,,,,,,,3,True,0.0,,,,,,,,,,,,,,,,,,,,,,,,,,,,,,,All decoded output arrays were compared exactly across three runs.
safety_indicator,capacity-normalized safety check,indicator_check,5MW_OC4Jckt_DLL_WTurb_WavesIrr_MGrowth,,,,,gnu_linux_atlas,GNU/Linux official CI (gfortran-14 + ATLAS),Ubuntu 24.04.5 LTS (GitHub Actions),GNU Fortran 14.2.0,ATLAS,double,OMP_NUM_THREADS=1,5.0.0,5.0.0,2895884d2be01862173c88d70f86b358d2f1a50a,dd5feaaaa500ba7283140107806300d551cff0a7,36661489286,10.0,raw/reference.outb,raw/linux_gnu_1.outb,official_rtest_reference,GNU/Linux official CI (gfortran-14 + ATLAS),,,,,,,kN,,,,,,,,,,,,,,,,,,,,max_hydrodynamic_force_kn,2479.385148635015,2479.3852010056394,2.112242401931184e-08,2665.8871264031854,False,False,,,,,,,,,,,,,,,,,,,,,,,False,
safety_indicator,capacity-normalized safety check,indicator_check,5MW_OC4Jckt_DLL_WTurb_WavesIrr_MGrowth,,,,,gnu_linux_atlas,GNU/Linux official CI (gfortran-14 + ATLAS),Ubuntu 24.04.5 LTS (GitHub Actions),GNU Fortran 14.2.0,ATLAS,double,OMP_NUM_THREADS=1,5.0.0,5.0.0,2895884d2be01862173c88d70f86b358d2f1a50a,dd5feaaaa500ba7283140107806300d551cff0a7,36661489286,10.0,raw/reference.outb,raw/linux_gnu_1.outb,official_rtest_reference,GNU/Linux official CI (gfortran-14 + ATLAS),,,,,,,kN,,,,,,,,,,,,,,,,,,,,max_tracked_member_force_kn,736.3673142575373,736.3673321320106,2.427385486661301e-08,805.9363530042514,False,False,,,,,,,,,,,,,,,,,,,,,,,False,
safety_indicator,capacity-normalized safety check,indicator_check,5MW_OC4Jckt_DLL_WTurb_WavesIrr_MGrowth,,,,,gnu_linux_atlas,GNU/Linux official CI (gfortran-14 + ATLAS),Ubuntu 24.04.5 LTS (GitHub Actions),GNU Fortran 14.2.0,ATLAS,double,OMP_NUM_THREADS=1,5.0.0,5.0.0,2895884d2be01862173c88d70f86b358d2f1a50a,dd5feaaaa500ba7283140107806300d551cff0a7,36661489286,10.0,raw/reference.outb,raw/linux_gnu_1.outb,official_rtest_reference,GNU/Linux official CI (gfortran-14 + ATLAS),,,,,,,kN-m,,,,,,,,,,,,,,,,,,,,max_tower_base_moment_knm,81622.29061063127,81622.2906106313,3.56567185740594e-16,183663.61087313332,False,False,,,,,,,,,,,,,,,,,,,,,,,False,
safety_indicator,capacity-normalized safety check,indicator_check,5MW_OC4Jckt_DLL_WTurb_WavesIrr_MGrowth,,,,,gnu_linux_atlas,GNU/Linux official CI (gfortran-14 + ATLAS),Ubuntu 24.04.5 LTS (GitHub Actions),GNU Fortran 14.2.0,ATLAS,double,OMP_NUM_THREADS=1,5.0.0,5.0.0,2895884d2be01862173c88d70f86b358d2f1a50a,dd5feaaaa500ba7283140107806300d551cff0a7,36661489286,10.0,raw/reference.outb,raw/linux_gnu_1.outb,official_rtest_reference,GNU/Linux official CI (gfortran-14 + ATLAS),,,,,,,m,,,,,,,,,,,,,,,,,,,,max_top_displacement_m,0.4225580291546228,0.4225580291546227,2.627385939976785e-16,0.9272729264128858,False,False,,,,,,,,,,,,,,,,,,,,,,,False,
safety_indicator,capacity-normalized safety check,indicator_check,5MW_OC4Jckt_DLL_WTurb_WavesIrr_MGrowth,,,,,gnu_linux_atlas,GNU/Linux official CI (gfortran-14 + ATLAS),Ubuntu 24.04.5 LTS (GitHub Actions),GNU Fortran 14.2.0,ATLAS,double,OMP_NUM_THREADS=1,5.0.0,5.0.0,2895884d2be01862173c88d70f86b358d2f1a50a,dd5feaaaa500ba7283140107806300d551cff0a7,36661489286,10.0,raw/reference.outb,raw/linux_gnu_1.outb,official_rtest_reference,GNU/Linux official CI (gfortran-14 + ATLAS),,,,,,,deg,,,,,,,,,,,,,,,,,,,,max_platform_pitch_deg,0.1541482473151071,0.15414824731510685,1.6205191099579818e-15,0.3528156615293526,False,False,,,,,,,,,,,,,,,,,,,,,,,False,
system_ratio,capacity-normalized safety check,system_utilization,5MW_OC4Jckt_DLL_WTurb_WavesIrr_MGrowth,,,,,gnu_linux_atlas,GNU/Linux official CI (gfortran-14 + ATLAS),Ubuntu 24.04.5 LTS (GitHub Actions),GNU Fortran 14.2.0,ATLAS,double,OMP_NUM_THREADS=1,5.0.0,5.0.0,2895884d2be01862173c88d70f86b358d2f1a50a,dd5feaaaa500ba7283140107806300d551cff0a7,36661489286,10.0,raw/reference.outb,raw/linux_gnu_1.outb,official_rtest_reference,GNU/Linux official CI (gfortran-14 + ATLAS),,,,,,,ratio,,,,,,,,,,,,,,,,,,,,system_utilization,0.9300413074803362,0.930041327125063,2.1122424011958565e-08,1.0,False,False,0.9300413074803362,0.930041327125063,True,True,,,,,,,,,,,,,,,,,,,False,System utilization is the maximum of the five capacity-normalized indicators.
