development_stage,design_dataset_rows,target,model,split,n,r2,rmse,normalized_rmse,mae,false_safe_rate,false_safe_rate_failures,selection_score
v1_1500lhs,1500,logit_probability,HGBR,five_fold_cv_train,1200,0.9009281846029769,1.7205950736611024,0.3147567559195882,1.141083139704878,0.028333333333333332,0.03756906077348066,0.3898948774665495
v1_1500lhs,1500,logit_probability,HGBR,independent_design_holdout,300,0.8818331213241797,1.9437886728471327,0.3437540962313327,1.2399841398441258,0.01,0.013100436681222707,0.3898948774665495
v1_1500lhs,1500,logit_probability,ExtraTrees,five_fold_cv_train,1200,0.89830341738489,1.743238441019814,0.3188990163282259,1.1615226473753435,0.013333333333333334,0.017679558011049725,0.3542581323503254
v1_1500lhs,1500,logit_probability,ExtraTrees,independent_design_holdout,300,0.8586750199771386,2.1257423820417407,0.3759321481635502,1.3107021167048094,0.006666666666666667,0.008733624454148471,0.3542581323503254
v1_1500lhs,1500,logit_probability,RandomForest,five_fold_cv_train,1200,0.8963457625044917,1.7599370948307946,0.3219537816139272,1.116291071323721,0.010833333333333334,0.014364640883977901,0.350683063381883
v1_1500lhs,1500,logit_probability,RandomForest,independent_design_holdout,300,0.8501759372286946,2.1887287863387876,0.3870711339938764,1.3326919910471509,0.01,0.013100436681222707,0.350683063381883
v1_1500lhs,1500,logit_probability,QuadraticRidge,five_fold_cv_train,1200,0.8070246791698501,2.401344673639394,0.4392895637619337,1.8537392005224054,0.07666666666666666,0.10165745856353592,0.6426044808890055
v1_1500lhs,1500,logit_probability,QuadraticRidge,independent_design_holdout,300,0.7944753860942139,2.5634986054739404,0.4533482258769589,1.9132979268125079,0.06666666666666667,0.08733624454148471,0.6426044808890055
v1_1500lhs,1500,system_ratio_quantile,HGBR,five_fold_cv_train,1200,0.9190455223955447,0.07428402046327959,0.2845250034785261,0.05188588465615578,0.023333333333333334,0.03153153153153153,0.34758806654158914
v1_1500lhs,1500,system_ratio_quantile,HGBR,independent_design_holdout,300,0.899525353685925,0.08583890921239161,0.31697735930831866,0.05856953186475728,0.023333333333333334,0.03153153153153153,0.34758806654158914
v1_1500lhs,1500,system_ratio_quantile,ExtraTrees,five_fold_cv_train,1200,0.8778380701011591,0.09125210807217596,0.3495167090409855,0.06430366828645918,0.016666666666666666,0.02252252252252252,0.3945617540860305
v1_1500lhs,1500,system_ratio_quantile,ExtraTrees,independent_design_holdout,300,0.8345428313211434,0.11015361172124824,0.4067642667182758,0.07166117786841737,0.01,0.013513513513513514,0.3945617540860305
v1_1500lhs,1500,system_ratio_quantile,RandomForest,five_fold_cv_train,1200,0.8809227964382158,0.09009263249777245,0.34507564904203863,0.06334018282409314,0.02,0.02702702702702703,0.3991297030960927
v1_1500lhs,1500,system_ratio_quantile,RandomForest,independent_design_holdout,300,0.853723805349713,0.10357209811376901,0.38246070994323966,0.06975559344033729,0.013333333333333334,0.018018018018018018,0.3991297030960927
v1_1500lhs,1500,system_ratio_quantile,QuadraticRidge,five_fold_cv_train,1200,0.8108719364083778,0.11354106189131521,0.4348885645675478,0.08076723584962264,0.03666666666666667,0.04954954954954955,0.533987663666647
v1_1500lhs,1500,system_ratio_quantile,QuadraticRidge,independent_design_holdout,300,0.7614387104005961,0.1322683494492055,0.4884273636881987,0.09134047482393089,0.023333333333333334,0.03153153153153153,0.533987663666647
v2_4000lhs_dense,4000,logit_probability,HGBR,five_fold_cv_train,3200,0.9279559516394641,1.5110191986945165,0.2684102240238548,0.946507063031774,0.018125,0.02414654454621149,0.31670331311627775
v2_4000lhs_dense,4000,logit_probability,HGBR,independent_design_holdout,800,0.9259632999615028,1.4448000330104855,0.2720968578254759,0.9296964021849152,0.02125,0.027823240589198037,0.31670331311627775
v2_4000lhs_dense,4000,logit_probability,ExtraTrees,five_fold_cv_train,3200,0.9185483878818131,1.6066481197222642,0.2853972882109899,0.9852118941966878,0.0096875,0.012905911740216486,0.3112091116914229
v2_4000lhs_dense,4000,logit_probability,ExtraTrees,independent_design_holdout,800,0.91970475416791,1.5046279754078147,0.2833641576348182,0.9319979659762342,0.00875,0.011456628477905073,0.3112091116914229
v2_4000lhs_dense,4000,logit_probability,RandomForest,five_fold_cv_train,3200,0.9200631695156548,1.5916383327631873,0.282731021439716,0.942828244351642,0.01,0.013322231473771857,0.3093754843872597
v2_4000lhs_dense,4000,logit_probability,RandomForest,independent_design_holdout,800,0.9183968555343166,1.5168326325103405,0.28566264100453065,0.89167575847059,0.0075,0.009819967266775777,0.3093754843872597
v2_4000lhs_dense,4000,logit_probability,QuadraticRidge,five_fold_cv_train,3200,0.8149599445802995,2.4216077776592475,0.43016282431156283,1.8326132278303406,0.065,0.08659450457951708,0.603351833470597
v2_4000lhs_dense,4000,logit_probability,QuadraticRidge,independent_design_holdout,800,0.8113076121312593,2.306542209334211,0.43438737075189077,1.7439589597593113,0.07,0.09165302782324058,0.603351833470597
v2_4000lhs_dense,4000,system_ratio_quantile,HGBR,five_fold_cv_train,3200,0.9508916035630031,0.05807313732656892,0.2216041435465432,0.040947243317382365,0.0203125,0.02768313458262351,0.27697041271179024
v2_4000lhs_dense,4000,system_ratio_quantile,HGBR,independent_design_holdout,800,0.9419374795142866,0.061071923514153366,0.2409616577086765,0.04013274562093452,0.0175,0.023450586264656615,0.27697041271179024
v2_4000lhs_dense,4000,system_ratio_quantile,ExtraTrees,five_fold_cv_train,3200,0.9150846295068396,0.07636433369076912,0.29140242019098006,0.05113222750523169,0.011875,0.016183986371379896,0.3237703929337399
v2_4000lhs_dense,4000,system_ratio_quantile,ExtraTrees,independent_design_holdout,800,0.900043307502692,0.08013082147330616,0.3161592834273698,0.05315728279315957,0.0075,0.010050251256281407,0.3237703929337399
v2_4000lhs_dense,4000,system_ratio_quantile,RandomForest,five_fold_cv_train,3200,0.9206100826288423,0.07383802763521059,0.2817621645486805,0.04969967425847883,0.0165625,0.022572402044293016,0.32690696863726654
v2_4000lhs_dense,4000,system_ratio_quantile,RandomForest,independent_design_holdout,800,0.9081574087959663,0.0768096383914265,0.3030554259603904,0.05001666936200699,0.01125,0.01507537688442211,0.32690696863726654
v2_4000lhs_dense,4000,system_ratio_quantile,QuadraticRidge,five_fold_cv_train,3200,0.8081872232764907,0.11477206046948736,0.43796435553993346,0.08202483119034325,0.0325,0.044293015332197615,0.5265503862043287
v2_4000lhs_dense,4000,system_ratio_quantile,QuadraticRidge,independent_design_holdout,800,0.7902192006504002,0.11608511190575438,0.45801833953412807,0.08342007979270787,0.04,0.05360134003350084,0.5265503862043287
v3_4137_active_learning_final,4137,logit_probability,HGBR,five_fold_cv_train,3309,0.9279119782507658,1.4817339753422147,0.2684921260469928,0.919601560989973,0.018434572378362043,0.02451768488745981,0.3175274958219124
v3_4137_active_learning_final,4137,logit_probability,HGBR,independent_design_holdout,828,0.9263929019162471,1.4475404772212555,0.2713062809515344,0.8886303942238141,0.012077294685990338,0.015337423312883436,0.3175274958219124
v3_4137_active_learning_final,4137,logit_probability,ExtraTrees,five_fold_cv_train,3309,0.9163363455305928,1.5962727530929022,0.2892467017433512,0.9753357560459833,0.009368389241462678,0.012459807073954984,0.3141663158912612
v3_4137_active_learning_final,4137,logit_probability,ExtraTrees,independent_design_holdout,828,0.919015589652525,1.5183489054392272,0.28457759986948217,0.9144445468990235,0.008454106280193236,0.010736196319018405,0.3141663158912612
v3_4137_active_learning_final,4137,logit_probability,RandomForest,five_fold_cv_train,3309,0.9167206675323146,1.5926021693813188,0.28858158719448024,0.9435773943211615,0.00967059534602599,0.012861736334405145,0.31430505986329055
v3_4137_active_learning_final,4137,logit_probability,RandomForest,independent_design_holdout,828,0.9165971067933398,1.5408537749746738,0.2887955906980925,0.8826380452088497,0.008454106280193236,0.010736196319018405,0.31430505986329055
v3_4137_active_learning_final,4137,logit_probability,QuadraticRidge,five_fold_cv_train,3309,0.81181763649814,2.394022041984565,0.4337999118278611,1.8125160789197405,0.06346328195829556,0.08440514469453377,0.6026102012169287
v3_4137_active_learning_final,4137,logit_probability,QuadraticRidge,independent_design_holdout,828,0.8073187154097953,2.3420201917977206,0.4389547637174071,1.743139221351077,0.08454106280193237,0.10736196319018405,0.6026102012169287
v3_4137_active_learning_final,4137,system_ratio_quantile,HGBR,five_fold_cv_train,3309,0.9527943186277398,0.05640478071452242,0.21726868474830932,0.03947213139800612,0.01934119069205198,0.026218762802130275,0.26970621035256986
v3_4137_active_learning_final,4137,system_ratio_quantile,HGBR,independent_design_holdout,828,0.9474053119886446,0.05655938959307237,0.22933531784562833,0.036456885995615106,0.01932367149758454,0.025356576862123614,0.26970621035256986
v3_4137_active_learning_final,4137,system_ratio_quantile,ExtraTrees,five_fold_cv_train,3309,0.9108359150017438,0.07751999899596752,0.2986035582478149,0.05124256105388085,0.010879419764279238,0.014748054076198279,0.3280996664002115
v3_4137_active_learning_final,4137,system_ratio_quantile,ExtraTrees,independent_design_holdout,828,0.9187636075395922,0.07029251571666785,0.285019986071868,0.04714211750449483,0.013285024154589372,0.017432646592709985,0.3280996664002115
v3_4137_active_learning_final,4137,system_ratio_quantile,RandomForest,five_fold_cv_train,3309,0.91885873876818,0.07395025174634556,0.28485305199667427,0.04892820711120236,0.014505893019038985,0.019664072101597707,0.3241811961998697
v3_4137_active_learning_final,4137,system_ratio_quantile,RandomForest,independent_design_holdout,828,0.926210450853838,0.06699327369514957,0.27164231840080066,0.04429828251280678,0.01570048309178744,0.020602218700475437,0.3241811961998697
v3_4137_active_learning_final,4137,system_ratio_quantile,QuadraticRidge,five_fold_cv_train,3309,0.8051848803580924,0.11458561752361134,0.44137865789128,0.08198331424865839,0.03989120580235721,0.05407619827939369,0.5495310544500673
v3_4137_active_learning_final,4137,system_ratio_quantile,QuadraticRidge,independent_design_holdout,828,0.7843036335347401,0.11453947462887512,0.46443122899441197,0.08105544271723572,0.04830917874396135,0.06339144215530904,0.5495310544500673
