case_id,group,env_tag,source_case_id,D_L1,t_L1,D_L2,t_L2,D_B1,t_B1,D_B2,t_B2,wind_speed_used,wave_height_used,wave_period_used,wave_direction_used,wave_seed_source,seed_index,wave_seed,return_code,wall_time_s,success,output_rows,output_dt_s,max_tower_base_moment_knm_W1_full_0_10,max_top_displacement_m_W1_full_0_10,max_hydrodynamic_force_kn_W1_full_0_10,max_tracked_member_force_kn_W1_full_0_10,max_platform_pitch_deg_W1_full_0_10,max_tower_base_moment_knm_W1_orig_2_10,max_top_displacement_m_W1_orig_2_10,max_hydrodynamic_force_kn_W1_orig_2_10,max_tracked_member_force_kn_W1_orig_2_10,max_platform_pitch_deg_W1_orig_2_10,max_tower_base_moment_knm_W2_fix_60_70,max_top_displacement_m_W2_fix_60_70,max_hydrodynamic_force_kn_W2_fix_60_70,max_tracked_member_force_kn_W2_fix_60_70,max_platform_pitch_deg_W2_fix_60_70,max_tower_base_moment_knm_W3_600_60_660,max_top_displacement_m_W3_600_60_660,max_hydrodynamic_force_kn_W3_600_60_660,max_tracked_member_force_kn_W3_600_60_660,max_platform_pitch_deg_W3_600_60_660
E5_calm_s0,na_qae_final,calm,HA0100_0069,1.31,0.035,1.332,0.03,0.64,0.014,0.64,0.014,3.13,0.5,4.35,38.0,742554125.0,0,742554125,0,9797.176189536,True,13201,0.05000000000001137,22465.189024191324,0.10736069661159599,1392.163706221623,472.31529307343874,0.04481147459262886,20040.320395419523,0.09807985958383396,1327.3388406005438,442.20993627855654,0.03451220425289775,6290.611010375143,0.0290482781317368,1259.8248873407022,259.4569030688257,0.010095016619194602,6290.611010375143,0.0290482781317368,1267.542080823755,261.96203218937904,0.01056621913209309
E5_calm_s1,na_qae_final,calm,HA0100_0069,1.31,0.035,1.332,0.03,0.64,0.014,0.64,0.014,3.13,0.5,4.35,38.0,742554125.0,1,932341501,0,7543.015756468,True,13201,0.05000000000001137,22540.939883378865,0.10769946824951374,1397.380929063258,482.49245908977605,0.045148464126592305,20059.773655018747,0.09819173340911305,1324.122699475043,455.66397492044257,0.03459464150366779,6437.121677705784,0.02989292292794518,1262.2005762479105,261.8158154405991,0.010676274981210224,6437.121677705784,0.02989292292794518,1268.513734400241,265.43141815446063,0.010796111934864076
E5_calm_s2,na_qae_final,calm,HA0100_0069,1.31,0.035,1.332,0.03,0.64,0.014,0.64,0.014,3.13,0.5,4.35,38.0,742554125.0,2,733188259,0,7080.5947437859995,True,13201,0.05000000000001137,22576.793687641297,0.10784442683768766,1400.8653343539881,482.6541672942195,0.04529288983986307,20151.826657260557,0.09854321594386299,1320.3630210442816,453.15670622429735,0.034786319812597714,6345.929576957527,0.029690448014817624,1260.7308085526995,260.1543105587294,0.010289235073329099,6345.929576957527,0.029690448014817624,1267.7779390754456,260.7382287281251,0.010722561526654708
E5_harsh_s0,na_qae_final,harsh,HA0100_0064,1.31,0.035,1.332,0.03,0.64,0.014,0.64,0.014,21.65,3.84,7.75,2.0,53007094.0,0,53007094,0,8053.133851189999,True,13201,0.05000000000001137,168600.61174741905,0.8487932295812477,1467.6027536532767,553.8761632043162,0.3302550389513019,154836.23664199686,0.7820084936708439,1393.8410911638969,553.8761632043162,0.31857090781892095,28291.451460783668,0.15271916972007968,1319.8202512173957,312.0246694849479,0.051574142836444174,28291.451460783668,0.15271916972007968,1441.126103381058,475.59362128515136,0.05662768725542839
E5_harsh_s1,na_qae_final,harsh,HA0100_0064,1.31,0.035,1.332,0.03,0.64,0.014,0.64,0.014,21.65,3.84,7.75,2.0,53007094.0,1,946478480,0,7939.598617567,True,13201,0.05000000000001137,168904.50622108643,0.8510875318298377,1526.771313551718,561.1404513683224,0.3374012812226183,156455.06815726004,0.7908532258305329,1486.3961195937711,561.1404513683224,0.3247930742170987,28051.53190950693,0.15057424763678395,1317.822056735848,304.6394663812951,0.05215217959745858,28391.268458318755,0.15142473664959286,1521.3333824110332,478.3982908044839,0.056371545650181945
E5_harsh_s2,na_qae_final,harsh,HA0100_0064,1.31,0.035,1.332,0.03,0.64,0.014,0.64,0.014,21.65,3.84,7.75,2.0,53007094.0,2,774900676,0,7387.721871297001,True,13201,0.05000000000001137,170473.61800202483,0.8611152255351562,1379.4993667114338,654.5542577410699,0.332484747269564,157200.62731324098,0.7983397214181116,1379.4993667114338,654.5542577410699,0.31560655070272436,28118.342657026347,0.15086951864272988,1327.623405837162,305.564345397161,0.05169812634741706,28448.222031308804,0.15086951864272988,1453.434944165711,462.3285432606455,0.056940867049939406
E5_high_s0,na_qae_final,high,HA0100_0065,1.31,0.035,1.332,0.03,0.64,0.014,0.64,0.014,15.53,1.76,5.7,7.0,1453417689.0,0,1453417689,0,5492.269532855999,True,13201,0.05000000000001137,131368.41768453858,0.6621182742501845,1413.0476749251377,479.8075547208156,0.26082937892210123,123531.42872762904,0.6236284790399873,1339.9123908561226,479.8075547208156,0.2535860979644276,32753.449843287555,0.1713865110226238,1287.6914311067633,256.56426831357305,0.06354757569192,33481.71244390737,0.1735238099811408,1320.4306869419759,304.28145389120493,0.06530213074951753
E5_high_s1,na_qae_final,high,HA0100_0065,1.31,0.035,1.332,0.03,0.64,0.014,0.64,0.014,15.53,1.76,5.7,7.0,1453417689.0,1,742235642,0,7179.597930362999,True,13201,0.05000000000001137,131220.74233503934,0.6612376393318239,1444.7735101397718,492.0962232809718,0.2616942777426523,123597.14032106628,0.6233355432545651,1343.2633146701176,492.0962232809718,0.2547578935694227,33004.15976125243,0.17273689712651705,1292.423861609662,265.0818299985101,0.06432345809094832,33188.923701122665,0.17273689712651705,1327.9962919956895,330.51210488963534,0.06443883374253231
E5_high_s2,na_qae_final,high,HA0100_0065,1.31,0.035,1.332,0.03,0.64,0.014,0.64,0.014,15.53,1.76,5.7,7.0,1453417689.0,2,314519340,0,8429.517559203,True,13201,0.05000000000001137,131682.16141301312,0.6634833581606888,1410.5250586030047,502.8412073022051,0.261056391615406,123856.8374456931,0.6255897426991293,1324.756388527466,502.8412073022051,0.2536960384706428,32947.243546184676,0.1725777973908532,1283.756728830213,264.09797358952136,0.06401475723999728,33383.86887641914,0.1746230404710537,1310.3887986212012,294.9385354869638,0.0642914622454395
E5_low_s0,na_qae_final,low,HF0300_0082,1.31,0.035,1.332,0.03,0.64,0.014,0.64,0.014,8.52,0.62,3.55,1.0,770234567.0,0,770234567,0,7516.483015317,True,13201,0.05000000000001137,59844.221813590695,0.29969447766947155,1395.9346971224254,425.66526523299626,0.11635203481240099,55249.9810114761,0.27845005772999665,1320.9092160338366,352.65021525605056,0.11353267063627993,29642.22316105894,0.15044388977610137,1262.697027058865,218.29852775895276,0.05731937810205792,30294.006297825727,0.15370852912831173,1273.2900711710242,229.45006994195148,0.058443217852363095
E5_low_s1,na_qae_final,low,HF0300_0082,1.31,0.035,1.332,0.03,0.64,0.014,0.64,0.014,8.52,0.62,3.55,1.0,770234567.0,1,1514655595,0,7303.469442175,True,13201,0.05000000000001137,59944.69804712431,0.30042602201037877,1392.5270543906624,423.9036707573768,0.1156507789291099,55136.34520023856,0.27820281822674,1326.0236080841833,351.6526935382989,0.11299805320154478,29764.02554460355,0.15130380161995005,1267.6136806177387,224.71861287442863,0.058325764504803375,30414.94271937061,0.1544705551094552,1270.9137113315317,230.75706860970755,0.05867899030075079
E5_low_s2,na_qae_final,low,HF0300_0082,1.31,0.035,1.332,0.03,0.64,0.014,0.64,0.014,8.52,0.62,3.55,1.0,770234567.0,2,606015893,0,10318.034538257,True,13201,0.05000000000001137,60053.714126167506,0.3009034635170624,1398.9099497057591,423.99312073408396,0.11624972893245285,55348.92478360152,0.27895374762174946,1329.4422486870335,337.6765866983651,0.11326432733340931,30514.890328718644,0.1560036648318239,1267.0625058057317,215.85716323155862,0.05813816839492091,30514.890328718644,0.1560036648318239,1275.7225860680055,226.50568748076276,0.05878385240089349
E5_max_angle_s0,na_qae_final,max_angle,HA0100_0018,1.31,0.035,1.332,0.03,0.64,0.014,0.64,0.014,4.53,0.86,10.5,178.0,120015001.0,0,120015001,0,7484.95588435,True,13201,0.05000000000001137,27971.588083043345,0.13645451522180851,1404.9011974355017,454.63693235231676,0.05264921360487581,24994.85655195794,0.1255814298659324,1314.2829553003578,376.3057299123295,0.04679590474272395,9982.425040359445,0.0483129955557637,1275.505245079738,257.1540980096852,0.01851449963849391,9982.425040359445,0.0483129955557637,1295.2907453175662,284.0620552670081,0.019297397675799542
E5_max_angle_s1,na_qae_final,max_angle,HA0100_0018,1.31,0.035,1.332,0.03,0.64,0.014,0.64,0.014,4.53,0.86,10.5,178.0,120015001.0,1,1482907001,0,6914.992687533,True,13201,0.05000000000001137,27810.626281511923,0.1356869974548372,1405.462177544792,460.1904863112031,0.05263212599521548,24990.92005906384,0.12513288988702345,1316.5321097685726,374.7120500408928,0.04730594759679471,10027.806227418576,0.04856213526476651,1273.3420208006185,264.4611565589317,0.018597468286157975,10027.806227418576,0.04856213526476651,1299.6614287924335,285.069302454821,0.019530134108373835
E5_max_angle_s2,na_qae_final,max_angle,HA0100_0018,1.31,0.035,1.332,0.03,0.64,0.014,0.64,0.014,4.53,0.86,10.5,178.0,120015001.0,2,1626135057,0,7073.72721187,True,13201,0.05000000000001137,28180.095745665567,0.13730161612942088,1404.50803729862,449.15065139028945,0.05316536126250514,25193.61032526682,0.1267206152310288,1326.3740738254749,390.3218641790431,0.04693067732194531,10205.43933850793,0.04929451925047976,1267.1619634834806,256.1477173908474,0.019318885076356405,10205.43933850793,0.04929451925047976,1295.4174839666991,279.94847343899806,0.019341833706879665
E5_max_hs_s0,na_qae_final,max_hs,HA0100_0038,1.31,0.035,1.332,0.03,0.64,0.014,0.64,0.014,25.0,7.4,12.95,8.0,249088148.0,0,249088148,0,6120.4565345969995,True,13201,0.05000000000001137,189791.0355864316,0.9581709287463711,1487.0172349108136,639.9795245468086,0.37043209687576245,176605.61162477557,0.8932412531819093,1451.0146720846383,639.9795245468086,0.3565746837601739,27453.19054676765,0.14689715283748023,1815.95926054075,646.2412629039819,0.059859552322205876,27782.488857484554,0.14951101029256292,1849.5964159389123,646.2412629039819,0.060776092388710214
E5_max_hs_s1,na_qae_final,max_hs,HA0100_0038,1.31,0.035,1.332,0.03,0.64,0.014,0.64,0.014,25.0,7.4,12.95,8.0,249088148.0,1,1397334627,0,6230.372896601,True,13201,0.05000000000001137,191893.7286055715,0.9699205764599403,1761.506215849617,858.0443212661474,0.3775686939883274,178976.41923476662,0.9087680517972861,1761.506215849617,858.0443212661474,0.3600967994257565,27395.003081712315,0.14715694906324847,1371.0912801702743,366.9223305150768,0.05094469875889916,28809.761220771827,0.15125128621312114,2475.1784371058297,877.4160943687343,0.06156809550234538
E5_max_hs_s2,na_qae_final,max_hs,HA0100_0038,1.31,0.035,1.332,0.03,0.64,0.014,0.64,0.014,25.0,7.4,12.95,8.0,249088148.0,2,1495066224,0,11149.341199231001,True,13201,0.05000000000001137,189157.5635257931,0.9545930302348891,1464.956880097107,650.3063164814224,0.3720396569192734,176237.35345183525,0.8904470728454094,1374.3345085421454,650.3063164814224,0.35950424250032614,27793.266672754075,0.1496126368897828,1375.6114506966337,277.6715758144204,0.052066894103287686,27793.266672754075,0.1496126368897828,2095.086149453527,698.1435775872812,0.060892162375418966
E5_max_wind_s0,na_qae_final,max_wind,HA0100_0004,1.31,0.035,1.332,0.03,0.64,0.014,0.64,0.014,25.0,4.58,7.75,12.0,1091718346.0,0,1091718346,0,5501.635351356001,True,13201,0.05000000000001137,189431.23851288782,0.9557761827358179,1547.3150034964162,653.4403229670254,0.3692120570731181,175985.48976291707,0.8893343476354333,1540.1764133952236,653.4403229670254,0.3559362404942039,27766.06533014792,0.14998966798708174,1346.9521420399192,332.8784052837093,0.05422750419483259,28127.595863685598,0.1515617852533664,1429.6252421251688,456.08253257723214,0.05564991311400197
E5_max_wind_s1,na_qae_final,max_wind,HA0100_0004,1.31,0.035,1.332,0.03,0.64,0.014,0.64,0.014,25.0,4.58,7.75,12.0,1091718346.0,1,1093597708,0,7713.278928804,True,13201,0.05000000000001137,190016.24307328684,0.9603335930607929,1372.4137688723947,647.5881155672473,0.37098718062464414,176786.54755737176,0.895339052822343,1361.3315484417658,647.5881155672473,0.3569477096412339,27864.367205512488,0.14847020047576054,1407.6864886513797,408.8145092890529,0.05396850109900888,27864.367205512488,0.14847020047576054,1576.4460790944934,541.3732390463862,0.05719994183617603
E5_max_wind_s2,na_qae_final,max_wind,HA0100_0004,1.31,0.035,1.332,0.03,0.64,0.014,0.64,0.014,25.0,4.58,7.75,12.0,1091718346.0,2,1384095840,0,7248.090069172,True,13201,0.05000000000001137,192023.6306954636,0.9702036849025503,1459.8449374790098,646.8163583873527,0.3776667908155191,179180.6053542513,0.9089839861546651,1337.7095175146314,646.8163583873527,0.36055932158381043,27453.979509764078,0.14873729028905194,1324.914846756286,328.6570148096293,0.05259036715439237,28086.60995268539,0.15126838348649838,1542.7043461910412,533.6690668466229,0.05741289630241313
E5_mid_s0,na_qae_final,mid,HF0300_0158,1.31,0.035,1.332,0.03,0.64,0.014,0.64,0.014,9.72,1.3,5.75,21.0,1960664516.0,0,1960664516,0,7395.34329543,True,13201,0.05000000000001137,72251.82864862402,0.36322779437209085,1424.8838493498763,423.7444299235401,0.1416612047893038,67075.14323241737,0.3384837294762261,1311.275448378492,368.2031949781116,0.13807425386380315,38917.68896954646,0.19958837868502163,1280.5624821607444,235.23453938517432,0.07494478242150808,39198.97152183925,0.20009511535493976,1299.430857686615,261.1610610238306,0.07655988329031398
E5_mid_s1,na_qae_final,mid,HF0300_0158,1.31,0.035,1.332,0.03,0.64,0.014,0.64,0.014,9.72,1.3,5.75,21.0,1960664516.0,1,1586777857,0,6135.985460918,True,13201,0.05000000000001137,72080.59812516748,0.362569382615096,1390.0084985417454,419.3511799059269,0.13955953031334223,66762.68209690486,0.3371733355321247,1334.6879645840115,328.43302067872673,0.13616026042376722,38335.31897411161,0.1954413928517953,1276.4395486156948,225.16640746674565,0.07435961574797025,38918.05916419357,0.19923043873049062,1294.9650935230968,271.68988608615274,0.07560850111178903
E5_mid_s2,na_qae_final,mid,HF0300_0158,1.31,0.035,1.332,0.03,0.64,0.014,0.64,0.014,9.72,1.3,5.75,21.0,1960664516.0,2,659306628,0,7381.906790911,True,13201,0.05000000000001137,71934.65239130653,0.3620377197837698,1387.325340243664,416.30529313791897,0.13964661393603608,66573.95582840916,0.33599600930671303,1337.274980942106,342.98901521689567,0.13637107864301573,38225.72390790224,0.1956975484179267,1280.6865948080747,222.44448193304643,0.07480294942027141,38768.44480390733,0.19878299251067746,1301.3574945250089,266.9877194541929,0.07615621221211781
